Timeframe,sc1_vg_B_x,sc1_vg_B_y,sc1_vg_B_z,sc2_vg_B_x,sc2_vg_B_y,sc2_vg_B_z,sc3_vg_B_x,sc3_vg_B_y,sc3_vg_B_z,sc4_vg_B_x,sc4_vg_B_y,sc4_vg_B_z,sc5_vg_B_x,sc5_vg_B_y,sc5_vg_B_z,sc6_vg_B_x,sc6_vg_B_y,sc6_vg_B_z,sc7_vg_B_x,sc7_vg_B_y,sc7_vg_B_z
1400,6.911573900349981e-09,-8.233193402637946e-09,1.6722781707969308e-08,3.8222143745787305e-09,-5.463383216298747e-09,2.7773548704251385e-08,3.2015869313182286e-09,-1.020030157648706e-08,3.4926933594225456e-08,7.031200290233389e-09,5.358277100779421e-09,-8.898375484114612e-09,6.023316140436117e-09,-8.03993671196135e-09,1.922392070340461e-08,6.275935601092678e-09,-8.977784496914641e-09,2.2905704327496284e-08,7.666551988029646e-09,-8.92276926722293e-09,1.549043430772715e-08
1401,6.467186600601379e-09,-8.326173973170533e-09,1.7275417028390087e-08,3.9192724995563345e-09,-5.524240509351433e-09,2.7334970982374376e-08,3.063311858320004e-09,-1.0377422084311375e-08,3.4948413539876347e-08,6.647874963504383e-09,6.026937943288188e-09,-9.53651994657617e-09,5.625393529587085e-09,-8.141160585062456e-09,1.9643489751385857e-08,5.7189151277693515e-09,-9.221442331823033e-09,2.31488303649442e-08,7.236318216736731e-09,-8.985313094220677e-09,1.595146718926356e-08
1402,6.060155349572951e-09,-8.402351752410482e-09,1.7774814761236235e-08,4.018588626153924e-09,-5.565809308830291e-09,2.673760749457111e-08,2.9159524338021617e-09,-1.0547192728823142e-08,3.497340774066779e-08,6.219812119136315e-09,6.687845796587597e-09,-1.0289327799289553e-08,5.251315266865426e-09,-8.24926524750328e-09,2.0059645161304433e-08,5.190867875929784e-09,-9.441880154482004e-09,2.33796831696655e-08,6.821006416347353e-09,-9.037803291955473e-09,1.635870950712969e-08
1403,5.688925115072302e-09,-8.475415944947211e-09,1.8239729786164785e-08,4.108865705661724e-09,-5.583975656859813e-09,2.5985750538322914e-08,2.764725976194088e-09,-1.0704818031329595e-08,3.501158558588516e-08,5.777557018772495e-09,7.298488025335623e-09,-1.112503024070206e-08,4.9007120211339364e-09,-8.363507923022092e-09,2.0468504662993414e-08,4.6869003812626135e-09,-9.642556997809856e-09,2.3601592652173386e-08,6.414194344256199e-09,-9.08375003341714e-09,1.671601917194204e-08
1404,5.340135357503438e-09,-8.550162542570891e-09,1.867997191265763e-08,4.178883895532229e-09,-5.580053999636459e-09,2.5079061141566567e-08,2.607388927726684e-09,-1.0850296361067803e-08,3.506631053654412e-08,5.345679790752675e-09,7.831019444405036e-09,-1.2023640588253195e-08,4.5758412627457446e-09,-8.482235893193164e-09,2.0854616219487506e-08,4.209603674971233e-09,-9.83055825940838e-09,2.3807312157178057e-08,6.0068155238454916e-09,-9.117455675035756e-09,1.7015219319909403e-08
1405,5.007669778616354e-09,-8.625485485455513e-09,1.908617163194583e-08,4.216450204517665e-09,-5.555028617505953e-09,2.403467303522804e-08,2.4428067408121165e-09,-1.0977946176452837e-08,3.513133738490315e-08,4.947641555329336e-09,8.260788489448771e-09,-1.2950833223503415e-08,4.283111969322531e-09,-8.601280435615216e-09,2.118635012789188e-08,3.772364179752633e-09,-1.0003986631370491e-08,2.398242361165523e-08,5.602010768396408e-09,-9.12830695073794e-09,1.723176368038795e-08
1406,4.681235939413404e-09,-8.698629052045514e-09,1.944801176770489e-08,4.2128488769236305e-09,-5.507160949391767e-09,2.2849617368187127e-08,2.267849793521539e-09,-1.108250695876949e-08,3.519673079720863e-08,4.585742507462094e-09,8.584091730223064e-09,-1.3910549570539565e-08,4.016594768709076e-09,-8.71702122244152e-09,2.1433046440236625e-08,3.371001639069476e-09,-1.0164902745851226e-08,2.4106708108347553e-08,5.197714138711795e-09,-9.099700201677965e-09,1.7334771214252047e-08
1407,4.36697069982387e-09,-8.762886195754359e-09,1.97282251294669e-08,4.157072734749251e-09,-5.433687793027871e-09,2.1567330212823367e-08,2.0855148513973534e-09,-1.1152318229265321e-08,3.525094112460667e-08,4.2736350150489666e-09,8.790799609171168e-09,-1.4871202232764078e-08,3.772874470060123e-09,-8.81743640940582e-09,2.1547303621075717e-08,3.0040059074240297e-09,-1.0307169442776016e-08,2.4147995487846132e-08,4.805201664910861e-09,-9.014856734842784e-09,1.728141343120272e-08
1408,4.075621969263136e-09,-8.809190332313864e-09,1.9890087967158828e-08,4.040935843250908e-09,-5.338113200776613e-09,2.0255579523466303e-08,1.9003209201650993e-09,-1.1184094461116188e-08,3.528237859525123e-08,4.017581555075061e-09,8.884177615745806e-09,-1.5799643247885573e-08,3.552528449264799e-09,-8.888657414605312e-09,2.1491502169950062e-08,2.671115614209421e-09,-1.042190726435842e-08,2.4082596418132198e-08,4.435565849094048e-09,-8.85180344857051e-09,1.703873177576921e-08
1409,3.804374387028335e-09,-8.821127461360997e-09,1.990199924544662e-08,3.865048405504899e-09,-5.226289901390292e-09,1.8932303031341378e-08,1.7236024341325658e-09,-1.1182656081929584e-08,3.529380275321176e-08,3.803511161691196e-09,8.878677905160587e-09,-1.6700135366067345e-08,3.345222280713131e-09,-8.905364510325892e-09,2.123101551919757e-08,2.3554750059116525e-09,-1.0496344314312925e-08,2.388028279718998e-08,4.081518851062657e-09,-8.573172653731339e-09,1.6570440311318645e-08
1410,3.559987671797083e-09,-8.76989596571183e-09,1.9726876028843102e-08,3.636846884826756e-09,-5.102521131259331e-09,1.7665467722680192e-08,1.5655161631272569e-09,-1.1145707359143692e-08,3.529176402633022e-08,3.6260183766396653e-09,8.79094471167757e-09,-1.754470485199402e-08,3.152277109060802e-09,-8.840834143192713e-09,2.0738834621311572e-08,2.053155162137222e-09,-1.0507247564141769e-08,2.35126820768839e-08,3.751327838236472e-09,-8.147930927546422e-09,1.5853929793283656e-08
1411,3.3440947708368827e-09,-8.619516883293561e-09,1.9338155308248125e-08,3.366272042710069e-09,-4.973220951540458e-09,1.6500781097552443e-08,1.4275564360783417e-09,-1.108174878484303e-08,3.527594716511e-08,3.474348255716329e-09,8.638600198142285e-09,-1.8320213122100024e-08,2.978389068680378e-09,-8.658212751613528e-09,1.999998153054263e-08,1.7597335323263682e-09,-1.0427542612589491e-08,2.2961355713904657e-08,3.453433405332901e-09,-7.547337059621004e-09,1.4883693659361046e-08
1412,3.1579716390118735e-09,-8.332765736656288e-09,1.8729300870662637e-08,3.073280362723834e-09,-4.8452617638209005e-09,1.549161134512766e-08,1.3143961456949703e-09,-1.0999581599827776e-08,3.524621561745468e-08,3.3393248822797993e-09,8.443416745194927e-09,-1.90133761914546e-08,2.8214897432020207e-09,-8.317024039153488e-09,1.9021808342442558e-08,1.475520913868938e-09,-1.0226360723812033e-08,2.222774915121888e-08,3.196568178267537e-09,-6.753902909632647e-09,1.3683442931752623e-08
1413,2.9961545595182677e-09,-7.862827285958434e-09,1.7877294828738326e-08,2.7604154985503e-09,-4.719027238723426e-09,1.464257350204876e-08,1.2256461326415067e-09,-1.0899706840211567e-08,3.5196386015691176e-08,3.207090975068677e-09,8.216178583575702e-09,-1.9644491678877586e-08,2.6765344153770525e-09,-7.760997162082178e-09,1.7784127490445913e-08,1.1981665647888637e-09,-9.866003535079504e-09,2.1289966587459237e-08,2.981181748307952e-09,-5.725670707374019e-09,1.2242316100857859e-08
1414,2.864788575980292e-09,-7.186648491459687e-09,1.6789436235326167e-08,2.4454951431338744e-09,-4.603275133859303e-09,1.3991308473321473e-08,1.1611751936878793e-09,-1.0787320969764741e-08,3.512490843101741e-08,3.06823241870682e-09,7.974932391287355e-09,-2.020931120426211e-08,2.557552237625407e-09,-6.961188102195139e-09,1.6317562453367083e-08,9.445549876201432e-10,-9.329440674938709e-09,2.0157991272754775e-08,2.829909421645213e-09,-4.4719993925647085e-09,1.0605975176346298e-08
1415,2.7680578773576358e-09,-6.315416759472727e-09,1.5496369711386004e-08,2.1437674089648755e-09,-4.500342218112314e-09,1.3551252309777681e-08,1.1203468092902896e-09,-1.066920664382553e-08,3.503948513359755e-08,2.9159071363794265e-09,7.735483999194103e-09,-2.0712258179241208e-08,2.48087014533516e-09,-5.9351085097360545e-09,1.4673734676968376e-08,7.312699219338322e-10,-8.62495618120905e-09,1.8860843442610415e-08,2.7539965586031705e-09,-3.044236097193559e-09,8.837712806916888e-09
1416,2.7048015046851415e-09,-5.2513127579799724e-09,1.3990843001438191e-08,1.8549190370941738e-09,-4.409303023345305e-09,1.331117549128422e-08,1.1008486442938947e-09,-1.054724036979619e-08,3.4941075229123334e-08,2.739346463684648e-09,7.50230447186421e-09,-2.1179251226796785e-08,2.446471349768385e-09,-4.6977688357130755e-09,1.2857406550811779e-08,5.583636883827863e-10,-7.74744346809025e-09,1.7389602173659516e-08,2.7524603958298007e-09,-1.4625863733738623e-09,6.938492531049361e-09
1417,2.6770905053833713e-09,-4.051223146307408e-09,1.2324287977751172e-08,1.5895360378861755e-09,-4.332364555592036e-09,1.3267239140634534e-08,1.098235561193138e-09,-1.0428390680854473e-08,3.483449565855499e-08,2.5357951423331036e-09,7.286810670821227e-09,-2.1614211067813102e-08,2.4550793201497913e-09,-3.3331596892028007e-09,1.0943132444643957e-08,4.379566975473426e-10,-6.737748318461156e-09,1.5791397607775623e-08,2.822906863182218e-09,1.8407823621136433e-10,4.981385458629094e-09
1418,2.6852326847896456e-09,-2.773298357861035e-09,1.0541066134765793e-08,1.3502814854228948e-09,-4.2677110408114605e-09,1.3402029783366334e-08,1.106418482335208e-09,-1.0317901486920061e-08,3.472305194185747e-08,2.3025462805916406e-09,7.095689285295777e-09,-2.2024951140915006e-08,2.504415022981115e-09,-1.9247622965000386e-09,8.995767975919163e-09,3.7668109487160467e-10,-5.6354196061907085e-09,1.4105976370985472e-08,2.956010274074756e-09,1.806956405533081e-09,3.0230108472621812e-09
1419,2.7231162385785966e-09,-1.4992514022996459e-09,8.718896146213355e-09,1.1461431898650923e-09,-4.214051184144784e-09,1.369018072442031e-08,1.1229585819621685e-09,-1.0219095272093424e-08,3.461074254564059e-08,2.042481054932035e-09,6.9329587079723055e-09,-2.2412747353550416e-08,2.5806797285932425e-09,-5.78894880089181e-10,7.104119690852843e-09,3.6248430141141487e-10,-4.504724916933536e-09,1.2407985561210399e-08,3.12977527524302e-09,3.291761642260716e-09,1.1431149128979677e-09
1420,2.784631648396354e-09,-2.532212378362987e-10,6.867065239712662e-09,9.752586178523577e-10,-4.166071849630599e-09,1.4114914581549634e-08,1.1457826428028243e-09,-1.0126842469916117e-08,3.449427903491907e-08,1.7516414229761008e-09,6.7922029513273055e-09,-2.2791261019635126e-08,2.6718472394538322e-09,6.696019202767758e-10,5.278765500621492e-09,3.8692353751893363e-10,-3.361502002200907e-09,1.0711883698233926e-08,3.3243655077302787e-09,4.603303539564921e-09,-6.572250525654281e-10
1421,2.8638639115567286e-09,9.012983436115331e-10,5.063777646317921e-09,8.417306820694661e-10,-4.123154681274424e-09,1.4645137531602098e-08,1.170701428775476e-09,-1.0041979754351408e-08,3.43782716615563e-08,1.4373139635276785e-09,6.672039525467496e-09,-2.3156236331949772e-08,2.764794059178101e-09,1.7532452519245073e-09,3.5934045461861595e-09,4.4955962175248905e-10,-2.262420660564413e-09,9.091306629135179e-09,3.5155234128788255e-09,5.676999206689789e-09,-2.3150861866049856e-09
1422,2.9515689630867215e-09,1.9204672168110894e-09,3.3765088792930773e-09,7.465675213339316e-10,-4.082869335295465e-09,1.5243288110627842e-08,1.193883022138283e-09,-9.96282767447979e-09,3.4264767009352036e-08,1.1090178137618298e-09,6.569613434994571e-09,-2.3502235844181212e-08,2.8461389751366092e-09,2.642479976540418e-09,2.1011460140455937e-09,5.392322403911306e-10,-1.2553484639763422e-09,7.606942189200439e-09,3.682005692134483e-09,6.490656052069027e-09,-3.785934138201739e-09
1423,3.039731337650791e-09,2.8145468116257834e-09,1.8003403447777773e-09,6.867897091315736e-10,-4.039482836635944e-09,1.589714703872322e-08,1.2139396597018882e-09,-9.886874212308339e-09,3.4156201326141334e-08,7.641258917000097e-10,6.477937624577284e-09,-2.383738915585466e-08,2.903551261616133e-09,3.35873530510054e-09,7.86345462678243e-10,6.424963342088548e-10,-3.3865872747347874e-10,6.2593892719285076e-09,3.813770799664466e-09,7.079382625704023e-09,-5.090933848022826e-09
1424,3.1176211805913242e-09,3.5638910452149207e-09,3.853674410973502e-10,6.621909786645061e-10,-3.9890211218087594e-09,1.657333001298152e-08,1.2309726700691143e-09,-9.815038904617398e-09,3.405700636915159e-08,4.1258450953146253e-10,6.394679570485547e-09,-2.415433426808952e-08,2.931055972527848e-09,3.9020003705979976e-09,-3.2061671259678495e-10,7.474133212865571e-10,4.619531077691575e-10,5.094369025974865e-09,3.9011587784186285e-09,7.464370166331081e-09,-6.207875302944465e-09
1425,3.1796698609412044e-09,4.169297170093365e-09,-8.52214796988109e-10,6.707321085340062e-10,-3.928505532496712e-09,1.7247249509694547e-08,1.2446471646802723e-09,-9.748096254451043e-09,3.396999859946528e-08,5.915663308848164e-11,6.3164697346706675e-09,-2.444994238289323e-08,2.9313758536416914e-09,4.291777311297275e-09,-1.2182999813075014e-09,8.502991838071365e-10,1.13948564070358e-09,4.124824914935013e-09,3.943506741714432e-09,7.683128947520758e-09,-7.141272025585989e-09
1426,3.2202313227487392e-09,4.6325842736077825e-09,-1.8934321155463e-09,7.117275532122004e-10,-3.854871810194395e-09,1.7888697593588224e-08,1.2556910392186707e-09,-9.68778493129755e-09,3.389878568134068e-08,-2.877066600687692e-10,6.2409459690663555e-09,-2.4719051161221807e-08,2.9065621015710197e-09,4.5470437467148745e-09,-1.9046985479020725e-09,9.459712826970076e-10,1.6854415305442326e-09,3.361448200292726e-09,3.941252054779966e-09,7.769886710365339e-09,-7.891828071846293e-09
1427,3.2374676335741684e-09,4.973047692573897e-09,-2.766191697627107e-09,7.858549731798296e-10,-3.763070061623183e-09,1.8495445412369488e-08,1.2648653648740867e-09,-9.634670430541026e-09,3.384397373403847e-08,-6.332947157835839e-10,6.16431914397562e-09,-2.4966796971063177e-08,2.8577604396598333e-09,4.693909675299317e-09,-2.4065568019826153e-09,1.032300244100563e-09,2.1158854177636706e-09,2.7800491274681145e-09,3.897638833361191e-09,7.7522553914449e-09,-8.490185219135554e-09
1428,3.230633342366557e-09,5.1967437943844375e-09,-3.4619050620819797e-09,8.91775207418364e-10,-3.652810795707481e-09,1.9043710162223216e-08,1.2745811652864635e-09,-9.588509564629714e-09,3.381023095593703e-08,-9.703996397187052e-10,6.085858752452814e-09,-2.5190039674044575e-08,2.7877455737164434e-09,4.74680434092192e-09,-2.7241616255896697e-09,1.1046064490009096e-09,2.4326080140739782e-09,2.3833373637324804e-09,3.819190561613276e-09,7.651449843801044e-09,-8.936867727801713e-09
1429,3.2002782322507198e-09,5.318768534675922e-09,-3.983792619250033e-09,1.025482271525853e-09,-3.526482286444735e-09,1.9515823700454634e-08,1.2855465994962502e-09,-9.548464560760485e-09,3.3797907070079466e-08,-1.2927335989516762e-09,6.005969736793868e-09,-2.538745604605012e-08,2.700375561633118e-09,4.723870526193607e-09,-2.8689573928841217e-09,1.160006286676474e-09,2.6450217225911874e-09,2.1619464674338832e-09,3.7109561116317267e-09,7.49048367369581e-09,-9.240914268601131e-09
1430,3.14574753607829e-09,5.357763947018354e-09,-4.355746975920367e-09,1.1884559951300116e-09,-3.3824064019936506e-09,1.9912431744816338e-08,1.30014084336479e-09,-9.51173588078541e-09,3.380691658710363e-08,-1.6056839465229118e-09,5.922271402562087e-09,-2.5565510576696454e-08,2.595641283392965e-09,4.6390634730574815e-09,-2.858171376345633e-09,1.1994118381488134e-09,2.7703274433526264e-09,2.0971324347206065e-09,3.5717819612432544e-09,7.28154430101086e-09,-9.422305045210329e-09
1431,3.0676291758248507e-09,5.326174878959381e-09,-4.5819428254603935e-09,1.3760967757234605e-09,-3.2243853678880356e-09,2.021731223091395e-08,1.3159689493731365e-09,-9.475396710808312e-09,3.383446544060027e-08,-1.901611271326935e-09,5.834199558394159e-09,-2.5723083445579003e-08,2.477123616530299e-09,4.503475035160652e-09,-2.7038566426666017e-09,1.2203625254697539e-09,2.817318475118579e-09,2.1779658713398147e-09,3.405462276954299e-09,7.038180703181223e-09,-9.487808934569273e-09
1432,2.9672777934086694e-09,5.236780818847845e-09,-4.6739407504248916e-09,1.5833432717582042e-09,-3.0556721693492086e-09,2.0423688887217843e-08,1.3315629645638132e-09,-9.435666846843763e-09,3.387689674104983e-08,-2.1772327321811734e-09,5.739876008970576e-09,-2.5862803706201297e-08,2.346655423018658e-09,4.326716227528694e-09,-2.4197584902599725e-09,1.2221099897948964e-09,2.7962189577701076e-09,2.3897284713401424e-09,3.215823935557254e-09,6.769730096323702e-09,-9.445807680295339e-09
1433,2.847930016679888e-09,5.1024474570212e-09,-4.643771804466732e-09,1.8028844912797512e-09,-2.8828468311959125e-09,2.0527723625253978e-08,1.3432307721962138e-09,-9.391430811463403e-09,3.393000475126703e-08,-2.4258768226455534e-09,5.638333775366553e-09,-2.5986079822482952e-08,2.2075448931902343e-09,4.1202701476506945e-09,-2.024684443303184e-09,1.2052763453633994e-09,2.7181486113332158e-09,2.713944440676548e-09,3.0090631114874295e-09,6.487526016927077e-09,-9.305903401535575e-09
1434,2.708526100030537e-09,4.92989815217349e-09,-4.5008538356778746e-09,2.036962185259963e-09,-2.7069392458084355e-09,2.053149080670998e-08,1.3479436589054136e-09,-9.341393340766617e-09,3.399273897632755e-08,-2.650757958696816e-09,5.524520925722016e-09,-2.6098779082114276e-08,2.057991976934604e-09,3.886295267429956e-09,-1.521226654989423e-09,1.1698175805690061e-09,2.5907507287210594e-09,3.146655351153124e-09,2.7842501236848968e-09,6.190967135428172e-09,-9.071215179937295e-09
1435,2.552587060874742e-09,4.728610212418551e-09,-4.2546089006843564e-09,2.2789028632861466e-09,-2.5353057844046568e-09,2.043579297028473e-08,1.3433351193138237e-09,-9.28683372417142e-09,3.406484965387528e-08,-2.845510236443695e-09,5.398007143806517e-09,-2.6202394038901145e-08,1.9019949031381478e-09,3.6330583526180214e-09,-9.284718096881118e-10,1.1172028677496551e-09,2.4233692380231343e-09,3.672999445190336e-09,2.546843303619833e-09,5.887204453482347e-09,-8.749676175835771e-09
1436,2.3846261787730614e-09,4.50738254791442e-09,-3.919225394397968e-09,2.521067650624132e-09,-2.37374466836446e-09,2.0250909365110092e-08,1.330390103013665e-09,-9.229810151141536e-09,3.414505203004356e-08,-3.0052761426174596e-09,5.2596190921506696e-09,-2.629916241085571e-08,1.744754714591537e-09,3.3694550695657627e-09,-2.724862237808073e-10,1.0499055918029238e-09,2.2265913846994283e-09,4.272487958641919e-09,2.302635310486087e-09,5.581915988070813e-09,-8.354850394996376e-09
1437,2.2035606510709524e-09,4.265755809133979e-09,-3.496329121850359e-09,2.7649653589943202e-09,-2.2233865192247286e-09,1.998268585702684e-08,1.3111326780048145e-09,-9.169450853405585e-09,3.423481491685156e-08,-3.13281855613539e-09,5.105303527807986e-09,-2.639445299296128e-08,1.5862092356512021e-09,3.095400927149638e-09,4.433919805043135e-10,9.67689443488312e-10,2.0042923754351196e-09,4.9463308977771925e-09,2.048826396565438e-09,5.269639492266641e-09,-7.887357607715591e-09
1438,2.0151149971530127e-09,4.010865376534861e-09,-3.0015860369149165e-09,3.0039147440367293e-09,-2.0894357815692026e-09,1.9645009796571063e-08,1.2899106814064164e-09,-9.106772675390009e-09,3.433183781557138e-08,-3.225032114943404e-09,4.93671202096407e-09,-2.6489188361649925e-08,1.4340401105336126e-09,2.8212036352527987e-09,1.1874106882090102e-09,8.750371083907357e-10,1.7666192580748755e-09,5.670354708868639e-09,1.7931179872720777e-09,4.95569107275219e-09,-7.3668565647867556e-09
1439,1.8235381487247773e-09,3.746832932538735e-09,-2.449290912406093e-09,3.234591528996756e-09,-1.974277436794769e-09,1.9249575704698137e-08,1.2694174619675339e-09,-9.042257668954876e-09,3.4434743152384534e-08,-3.281812533980365e-09,4.754939432050598e-09,-2.6584287481991046e-08,1.2940901976367052e-09,2.5538938638166734e-09,1.935046621644837e-09,7.767885738628439e-10,1.521353319475794e-09,6.424348134462378e-09,1.5409725961780204e-09,4.641607047490608e-09,-6.810578532756502e-09
1440,1.6364776789111796e-09,3.481351128923049e-09,-1.86419503150254e-09,3.4503026007980986e-09,-1.8801416974438806e-09,1.8812290066083012e-08,1.2517080899957942e-09,-8.97758038082167e-09,3.454002574433837e-08,-3.303540274900753e-09,4.564207500328917e-09,-2.668004749033396e-08,1.1733156117003778e-09,2.3035320838489433e-09,2.651809656095448e-09,6.796376691701397e-10,1.2801650297453786e-09,7.176546753766786e-09,1.3015260217657603e-09,4.333401847094811e-09,-6.246062357495574e-09
1441,1.455065502118418e-09,3.212018139601856e-09,-1.2506722493942785e-09,3.6526100748079194e-09,-1.8062973694092528e-09,1.8330974373324347e-08,1.237201664802249e-09,-8.911769733585727e-09,3.4646868433833563e-08,-3.292064081918163e-09,4.3612506024390105e-09,-2.6779477815504393e-08,1.0737486645922255e-09,2.069925210849247e-09,3.3316554310038285e-09,5.880702929927095e-10,1.0446595291008906e-09,7.922563197796037e-09,1.0751809781484476e-09,4.026123491612546e-09,-5.680442899455272e-09
1442,1.2874056510883872e-09,2.9467069230373906e-09,-6.374046325485063e-10,3.835192641840815e-09,-1.755205003656539e-09,1.782001054866426e-08,1.2265095299966234e-09,-8.846083114016523e-09,3.475061368757121e-08,-3.2495490991249822e-09,4.150952702691555e-09,-2.6879801938187122e-08,1.0001968340739887e-09,1.8617389044885867e-09,3.943683566138084e-09,5.106060658761151e-10,8.25288023193193e-10,8.628943947813821e-09,8.705616406764003e-10,3.7272782315381876e-09,-5.143037681517661e-09
1443,1.1398683491596031e-09,2.6938343422076883e-09,-5.3138924533079553e-11,3.991745597677692e-09,-1.728569130688077e-09,1.729602861243779e-08,1.2204686226319238e-09,-8.782123409751449e-09,3.4847857690922644e-08,-3.180443118448122e-09,3.938268262280614e-09,-2.6976980613427167e-08,9.5355087788343e-10,1.6843514143591665e-09,4.465098995998874e-09,4.526873371228099e-10,6.311579551327144e-10,9.267396625545783e-09,6.938748166427042e-10,3.4448626409560295e-09,-4.6603356410454865e-09
1444,1.0120357504705645e-09,2.4519559853004255e-09,4.975367002373177e-10,4.121788722510129e-09,-1.7270287252407608e-09,1.6755224232220126e-08,1.2200520929074304e-09,-8.71788245072907e-09,3.494044449923033e-08,-3.086306262085584e-09,3.719407716143567e-09,-2.7070179755767362e-08,9.315579659435306e-10,1.534826472978832e-09,4.897606494041299e-09,4.1515948092969187e-10,4.6278844758760357e-10,9.838993427618936e-09,5.42851936122264e-10,3.1758046721268423e-09,-4.237742645230037e-09
1445,9.079982325812441e-10,2.2289851623851084e-09,9.894646143602318e-10,4.220044774330545e-09,-1.7508423939906737e-09,1.621325548179202e-08,1.2271968372567757e-09,-8.653588649364174e-09,3.5027124988322344e-08,-2.9706001417813184e-09,3.4978314301444696e-09,-2.715479887706339e-08,9.330681165368635e-10,1.4152156339552054e-09,5.225733260641629e-09,3.9889576450999536e-10,3.261788042904198e-10,1.0323500443506866e-08,4.2072377598438457e-10,2.927343964477862e-09,-3.896484374040952e-09
1446,8.288194044737115e-10,2.028234915777955e-09,1.407628704608223e-09,4.284888005685129e-09,-1.797849360286535e-09,1.5677256826305933e-08,1.2442118483779637e-09,-8.588915590349904e-09,3.510931906469543e-08,-2.836675598344049e-09,3.273908774988151e-09,-2.7227025752373284e-08,9.56269476775175e-10,1.3224013347097594e-09,5.443183664734252e-09,4.0229390520750036e-10,2.2239265086331058e-10,1.071208462360659e-08,3.271569253323344e-10,2.7020985385941587e-09,-3.647925672507691e-09
1447,7.747170656618825e-10,1.8534547793211827e-09,1.735979088040694e-09,4.31568571448015e-09,-1.8633194895540423e-09,1.5158151357634404e-08,1.272614899408809e-09,-8.525321136655144e-09,3.518643141328585e-08,-2.6892546807527945e-09,3.050891478445683e-09,-2.728231296893495e-08,9.98070534055449e-10,1.2527652301583872e-09,5.544541871182611e-09,4.219518143713708e-10,1.513667531966828e-10,1.099477972921214e-08,2.606295897808442e-10,2.5030265665248455e-09,-3.5014119419891446e-09
1448,7.43092261871117e-10,1.7005236837705151e-09,1.9733873748005952e-09,4.314374607316722e-09,-1.9447165513486175e-09,1.4644718498317703e-08,1.3142291208935376e-09,-8.461421860263844e-09,3.52612295358539e-08,-2.5261930059872905e-09,2.823270247088206e-09,-2.731915151339854e-08,1.0564678532592884e-09,1.2002342128521217e-09,5.529689822996644e-09,4.551833558755583e-10,1.0957261914166852e-10,1.1173911592980623e-08,2.165572877718518e-10,2.324509705013419e-09,-3.457922749220774e-09
1449,7.335815610232902e-10,1.570764914112902e-09,2.108595788585749e-09,4.283182411294714e-09,-2.037637849654472e-09,1.4144004934539592e-08,1.3679928657974945e-09,-8.399788919460213e-09,3.533187164426296e-08,-2.351737650747654e-09,2.5948583849494196e-09,-2.7333162778569732e-08,1.127955833019425e-09,1.1610969548812856e-09,5.3973547684394854e-09,5.000550897154159e-10,9.486608838632342e-11,1.1243068065389883e-08,1.9469291716290989e-10,2.166956401745497e-09,-3.5213976595537027e-09
1450,7.443715034902821e-10,1.4630196277011817e-09,2.138814378626435e-09,4.226383862170006e-09,-2.137748789773021e-09,1.3660726006278123e-08,1.4316502230462538e-09,-8.344050328733495e-09,3.5396478141575034e-08,-2.1702016478929207e-09,2.369931195641338e-09,-2.7321695208335248e-08,1.2094930599093616e-09,1.131791503722359e-09,5.155935140655619e-09,5.547971646094848e-10,1.0195485314927371e-10,1.1204767211123563e-08,1.931660366889845e-10,2.0274557439999675e-09,-3.687461988055723e-09
1451,7.74014256591842e-10,1.371281285322377e-09,2.0649344085431284e-09,4.146378030006401e-09,-2.2448779755332093e-09,1.3179765689530824e-08,1.5049119142724705e-09,-8.296626097047233e-09,3.5455144656135665e-08,-1.9791203038025784e-09,2.144153889119608e-09,-2.7281685317735255e-08,1.3013283768019664e-09,1.1075689353620634e-09,4.806843639771331e-09,6.212788897091103e-10,1.2489369056823812e-10,1.1062511177638874e-08,2.1055528920084313e-10,1.898583958069487e-09,-3.95656527952135e-09
1452,8.201408300436983e-10,1.292585954293954e-09,1.888554071208887e-09,4.048690446549677e-09,-2.3551984736510246e-09,1.270414150055066e-08,1.5846533203757056e-09,-8.26091157060728e-09,3.550515044197572e-08,-1.7831393686083637e-09,1.921403590036287e-09,-2.7211248867633196e-08,1.4013449958949193e-09,1.0835341885892802e-09,4.361905374322216e-09,6.992526057511655e-10,1.575973107538938e-10,1.0822453073804932e-08,2.4507166118468674e-10,1.7771755289172038e-09,-4.321750107461561e-09
1453,8.798389042537349e-10,1.2230702347246021e-09,1.6141700525730626e-09,3.938326458467063e-09,-2.4661439799788733e-09,1.2231359112019102e-08,1.6688050580368974e-09,-8.239630346394626e-09,3.554646708649555e-08,-1.585289826339197e-09,1.7026399732586361e-09,-2.7109361483581695e-08,1.5090722100801854e-09,1.0554350280245837e-09,3.8311646332460995e-09,7.900280589964426e-10,1.9381372863208234e-10,1.0491363647545033e-08,2.94616625896663e-10,1.659653233439669e-09,-4.775850224748559e-09
1454,9.501359385359287e-10,1.160675126803017e-09,1.252780838612016e-09,3.821624643677569e-09,-2.5736437845606038e-09,1.176584216833237e-08,1.7538690099790738e-09,-8.231945385035885e-09,3.557840360792139e-08,-1.3910326618425599e-09,1.491690125844701e-09,-2.6977643687721535e-08,1.620368081445147e-09,1.0225644005371744e-09,3.2334671161589322e-09,8.920268838940268e-10,2.280801483379536e-10,1.0081569845184436e-08,3.568894017562406e-10,1.546133213981132e-09,-5.302613019945618e-09
1455,1.0303417635014704e-09,1.099591978197639e-09,8.022461224626929e-10,3.6994493340377703e-09,-2.678003427434375e-09,1.1295099186587218e-08,1.838300311284129e-09,-8.237546399840766e-09,3.5602155580763154e-08,-1.197637531369157e-09,1.2843285077725433e-09,-2.6813112043272166e-08,1.7339525847548038e-09,9.812720497905253e-10,2.564754898868794e-09,1.0063924527027262e-09,2.574218579238714e-10,9.589431272701459e-09,4.3029287255788966e-10,1.4302561597923339e-09,-5.904595128828356e-09
1456,1.116800280732828e-09,1.0370906153657054e-09,2.756102067988154e-10,3.576778712018267e-09,-2.775716996194227e-09,1.0824725597467225e-08,1.9196047577742125e-09,-8.254017474421982e-09,3.561713540672501e-08,-1.0094172574373269e-09,1.0849214160977065e-09,-2.661928093983865e-08,1.8445229396652793e-09,9.309176772751066e-10,1.845191282645257e-09,1.1292870310787886e-09,2.787656951279628e-10,9.028476732140458e-09,5.101363639576521e-10,1.3117057865854727e-09,-6.562270058365496e-09
1457,1.2052604800654681e-09,9.691951455365525e-10,-3.0860741472979886e-10,3.45891615013391e-09,-2.864768872534464e-09,1.035964861554386e-08,1.994557458077762e-09,-8.27706833049746e-09,3.5622282376306725e-08,-8.302629267917699e-10,8.967659754938708e-10,-2.6402861435222324e-08,1.947439433511546e-09,8.658136512769744e-10,1.098531353975321e-09,1.256217004221953e-09,2.882948307080381e-10,8.418191258807508e-09,5.911853647831057e-10,1.1890894641424638e-09,-7.251800789716237e-09
1458,1.2940422775102997e-09,8.913081504854925e-10,-9.534404592009003e-10,3.3456985875483337e-09,-2.9458530995615383e-09,9.885989854898455e-09,2.064930962957015e-09,-8.305662591823904e-09,3.561788148292808e-08,-6.556246984376176e-10,7.164712200288839e-10,-2.616347325041392e-08,2.0433428420996077e-09,7.816936880840357e-10,3.198049014642715e-10,1.385095003873527e-09,2.834913136649178e-10,7.75620532428844e-09,6.705535796548481e-10,1.0582212333528484e-09,-7.975923296422328e-09
1459,1.3776767166130697e-09,8.014167846186456e-10,-1.6384797669414862e-09,3.24009380494137e-09,-3.0161868889315446e-09,9.406823334700535e-09,2.1270239939219538e-09,-8.335004538306517e-09,3.5603529756314644e-08,-4.875313169772443e-10,5.482275051227468e-10,-2.5911091994173484e-08,2.1248258131488575e-09,6.781320807652772e-10,-4.673856118427716e-10,1.5080948754808482e-09,2.615650949429847e-10,7.064565541459597e-09,7.415670823614015e-10,9.195659716366669e-10,-8.711053728039464e-09
1460,1.4524761096336597e-09,6.977153610151038e-10,-2.349740472841738e-09,3.142618936867592e-09,-3.0745001628622666e-09,8.917823323835682e-09,2.1793063076188546e-09,-8.364700335802393e-09,3.558260532985977e-08,-3.263970280256278e-10,3.941130097844414e-10,-2.5654514738399395e-08,2.1866795386060813e-09,5.549209504271158e-10,-1.2500806522182605e-09,1.6196983537958293e-09,2.2190793720741836e-10,6.357636564759273e-09,7.999095049459065e-10,7.72618641813245e-10,-9.442931053902624e-09
1461,1.5146914962973242e-09,5.816962861159513e-10,-3.0643276621531166e-09,3.0530891982184908e-09,-3.119964183736174e-09,8.423422874875272e-09,2.2197584447010174e-09,-8.393095249607181e-09,3.555582242826074e-08,-1.742324605552486e-10,2.5722623281967503e-10,-2.540688630867129e-08,2.2262035037393427e-09,4.1564348358908924e-10,-2.008081024516778e-09,1.7150051723016795e-09,1.6469008425249393e-10,5.657046592051073e-09,8.430205743807794e-10,6.194694450419994e-10,-1.0150012195939214e-08
1462,1.5639461398792522e-09,4.511048494001398e-10,-3.787896703035116e-09,2.9664853737315594e-09,-3.15370346990692e-09,7.911864845004063e-09,2.2492526507489317e-09,-8.421584802226194e-09,3.5523559453027203e-08,-2.7491799236093876e-11,1.3407706048894015e-10,-2.5171221271764537e-08,2.2448430036867477e-09,2.5793437017253745e-10,-2.7526894938801487e-09,1.7939985777479769e-09,8.854291090819708e-11,4.955398335386885e-09,8.717784280929938e-10,4.56899322825461e-10,-1.084018666127009e-08
1463,1.5979680507895197e-09,3.0832075834856534e-10,-4.499962214189925e-09,2.883547962671484e-09,-3.173486299803371e-09,7.395481204751835e-09,2.2682908852856494e-09,-8.449915384815782e-09,3.548913011275954e-08,1.122499246509136e-10,2.815731295867199e-11,-2.4958326682886792e-08,2.2430909737872852e-09,8.585321971697713e-11,-3.467736586905456e-09,1.8535127040892668e-09,-5.2733038446828386e-12,4.27011097942907e-09,8.848945243831969e-10,2.886469651600734e-10,-1.1496231903244798e-08
1464,1.6157856590434595e-09,1.5756702305295357e-10,-5.182660843580306e-09,2.802561533283059e-09,-3.1779920399862817e-09,6.888164282928701e-09,2.277883533782755e-09,-8.476947995252157e-09,3.545331111648246e-08,2.432683153731653e-10,-5.934343644339196e-11,-2.4776395069830392e-08,2.2237972948541194e-09,-9.42617765853987e-11,-4.140268063379216e-09,1.892406889968692e-09,-1.1419441832390488e-10,3.6153162995311238e-09,8.832031974972653e-10,1.2045269303267113e-10,-1.2104785570126636e-08
1465,1.6189942026868722e-09,-2.9215823716547793e-12,-5.8467857131807265e-09,2.7191469281897237e-09,-3.165622752786978e-09,6.387104282918647e-09,2.2804000656018056e-09,-8.502732459616588e-09,3.541614567195992e-08,3.681135596508561e-10,-1.3146403944388832e-10,-2.4625138302854276e-08,2.1884831915737506e-09,-2.8305923106179027e-10,-4.784895913117175e-09,1.9125112260370016e-09,-2.394250432312088e-10,2.977399664889218e-09,8.695355537192992e-10,-4.9761937341549736e-11,-1.2678164174087086e-08
1466,1.609588820148328e-09,-1.6809848174662135e-10,-6.478915427952468e-09,2.6333064300951203e-09,-3.1353607071336888e-09,5.909651013347061e-09,2.278267324453328e-09,-8.52659871953894e-09,3.537756630762825e-08,4.847086545887125e-10,-1.8645655677431824e-10,-2.4508234884098317e-08,2.1412306010143743e-09,-4.741164311648795e-10,-5.391979809139983e-09,1.9156601482027107e-09,-3.7616174253791696e-10,2.366211462720014e-09,8.481767475551752e-10,-2.1688051962396374e-10,-1.320676772280572e-08
1467,1.590781337387449e-09,-3.3546230371925695e-10,-7.075976935723431e-09,2.5450563670078702e-09,-3.0878095525427703e-09,5.4642071011929615e-09,2.2743596748201894e-09,-8.550200366752382e-09,3.53379423516016e-08,5.926344548406774e-10,-2.2482703721798107e-10,-2.4425341200007555e-08,2.0879070648359297e-09,-6.650576417460435e-10,-5.962077102868276e-09,1.9049675171249307e-09,-5.238783104188425e-10,1.781972815229945e-09,8.230916933939381e-10,-3.793899477093661e-10,-1.3690066608104324e-08
1468,1.5654721673239362e-09,-5.009926190471213e-10,-7.629446802393925e-09,2.4550224032770046e-09,-3.0246385063342236e-09,5.062777143368008e-09,2.2710864289533083e-09,-8.574168477931616e-09,3.529777860868583e-08,6.90545812302093e-10,-2.481195898927057e-10,-2.4374453361900057e-08,2.036725904249759e-09,-8.51426413670833e-10,-6.490178571196303e-09,1.885708635151554e-09,-6.799021653544806e-10,1.230731662967707e-09,7.987238144511783e-10,-5.344887384440357e-10,-1.4123310669378563e-08
1469,1.5373172161206133e-09,-6.673169939384637e-10,-8.153067764328235e-09,2.359877788731884e-09,-2.9470954932464708e-09,4.7005832782146366e-09,2.2699894369238538e-09,-8.600447753725197e-09,3.525698812715753e-08,7.800479852382617e-10,-2.5843528874615694e-10,-2.4350917651818462e-08,1.991076774263661e-09,-1.0355867800932384e-09,-6.991884373975184e-09,1.8625567677972467e-09,-8.473883408941866e-10,6.972648247346864e-10,7.802004863737689e-10,-6.861053614031613e-10,-1.4519030338448593e-08
1470,1.5118741571057107e-09,-8.322649393713005e-10,-8.639667245527617e-09,2.2582389799204036e-09,-2.858360835671704e-09,4.387139090186377e-09,2.2707449026110484e-09,-8.629274244923007e-09,3.521556910457011e-08,8.589252625834003e-10,-2.5598558031146164e-10,-2.4352193156286374e-08,1.9549568372718053e-09,-1.214096187023115e-09,-7.462466204498024e-09,1.839165218849232e-09,-1.0229363362978703e-09,1.8836285078097414e-10,7.729558812969808e-10,-8.336823228350663e-10,-1.48734033392303e-08
1471,1.493071368672107e-09,-9.931070741146194e-10,-9.084166548184772e-09,2.150203313581472e-09,-2.7628455417033822e-09,4.126750578133965e-09,2.2725575027473624e-09,-8.659952135443411e-09,3.517304095805087e-08,9.258630101852292e-10,-2.4250630985746657e-10,-2.4373104846935366e-08,1.9315621528489835e-09,-1.3852024218607308e-09,-7.898508402095949e-09,1.8184798193042666e-09,-1.2028881241736143e-09,-2.8934863295136227e-10,7.801725871672716e-10,-9.74431321568249e-10,-1.5185351147047162e-08
1472,1.4835130941895113e-09,-1.152700555977797e-09,-9.498729279532083e-09,2.032375266178852e-09,-2.6606437651691726e-09,3.909860220189454e-09,2.274506672046761e-09,-8.693821965053668e-09,3.5126937076338014e-08,9.823402622574556e-10,-2.1981134085134363e-10,-2.4410175600755032e-08,1.9211306553212506e-09,-1.5513729510262057e-09,-8.312831881841679e-09,1.8017852602822487e-09,-1.3890264809262762e-09,-7.468634301966109e-10,8.034636278945113e-10,-1.1095618369588407e-09,-1.5466312265364065e-08
1473,1.4851348156036568e-09,-1.306866472846103e-09,-9.878844478815109e-09,1.9052419448813904e-09,-2.5551528058259285e-09,3.733969629852005e-09,2.2759520229387627e-09,-8.731811088968669e-09,3.5076439929661455e-08,1.0272367215912338e-09,-1.9057519705683947e-10,-2.4459676721026805e-08,1.9240633850493882e-09,-1.7056487623669096e-09,-8.701394901809605e-09,1.790912561889418e-09,-1.5762799427417398e-09,-1.1768228354636968e-09,8.440975002112916e-10,-1.2344716009513934e-09,-1.571605362576566e-08
1474,1.498553045891192e-09,-1.4539400413498213e-09,-1.0226148705217617e-08,1.7689964148418413e-09,-2.4479159212517062e-09,3.59129120280069e-09,2.2762932915466724e-09,-8.773991239892233e-09,3.502036565624513e-08,1.060322439085034e-09,-1.5667837671380167e-10,-2.45187636049706e-08,1.9414884204085417e-09,-1.8474411752203152e-09,-9.065862166425145e-09,1.7882294438330533e-09,-1.7631913097148012e-09,-1.5788950683237375e-09,9.034242358375058e-10,-1.3481561154018288e-09,-1.5938302340443208e-08
1475,1.5249598431501728e-09,-1.5915465727616907e-09,-1.0539532630784453e-08,1.6258355816023576e-09,-2.341741751557203e-09,3.4734623083653628e-09,2.2745918031400937e-09,-8.817464780742628e-09,3.495999651082995e-08,1.0819474410195342e-09,-1.205216123084218e-10,-2.4584321405488473e-08,1.9704889146348086e-09,-1.975624884097522e-09,-9.403935680980678e-09,1.7945948383591425e-09,-1.9463096325295426e-09,-1.9491561471833573e-09,9.813303017592178e-10,-1.4502611105626084e-09,-1.6134465323555277e-08
1476,1.565554123446832e-09,-1.7208673347256555e-09,-1.0829934601031922e-08,1.47303308480559e-09,-2.2351665896287847e-09,3.3664779587963043e-09,2.269371616283299e-09,-8.861821644411621e-09,3.489438114415063e-08,1.0932270278191331e-09,-8.273126635406668e-11,-2.465643975778081e-08,2.0110893600690696e-09,-2.0878676993059788e-09,-9.725697618255062e-09,1.8099950892474377e-09,-2.127714462239996e-09,-2.298572745128157e-09,1.0789404142372877e-09,-1.541835475395791e-09,-1.6312752222940305e-08
1477,1.6198686108325105e-09,-1.8375669137251493e-09,-1.1095815662128334e-08,1.3140773091889849e-09,-2.1294406065529565e-09,3.2619002408581196e-09,2.259865034174475e-09,-8.907361009595935e-09,3.482502078839197e-08,1.094566673519021e-09,-4.4892595309952245e-11,-2.4732031228333705e-08,2.0619953583661203e-09,-2.1785389318348853e-09,-1.0027380293814845e-08,1.8323808835672286e-09,-2.303406708897606e-09,-2.623497601331757e-09,1.19345999348464e-09,-1.6184828913714181e-09,-1.6473057378499875e-08
1478,1.6860096657651294e-09,-1.9402557930391217e-09,-1.1336176893601829e-08,1.1530542616614386e-09,-2.025612267407622e-09,3.152261600394e-09,2.24624537969935e-09,-8.953184997866251e-09,3.475362567728444e-08,1.087767676923942e-09,-7.492835391613353e-12,-2.4806503516043738e-08,2.1207896403026692e-09,-2.247962360975197e-09,-1.0305026257584182e-08,1.856883107834996e-09,-2.470740800578138e-09,-2.9211570642830076e-09,1.31939300590703e-09,-1.6809566749332934e-09,-1.6615178444524936e-08
1479,1.7635206007540726e-09,-2.0297861904928124e-09,-1.155821705688116e-08,9.880084323628845e-10,-1.921052961911028e-09,3.0278574560827553e-09,2.227196383779544e-09,-8.998080781496578e-09,3.467946832100911e-08,1.0740398137414565e-09,3.0835939083133844e-11,-2.487900352304622e-08,2.1846426029164817e-09,-2.2943092855555975e-09,-1.056506526523152e-08,1.88183510400502e-09,-2.632597679805531e-09,-3.1993838645187797e-09,1.4564348424222646e-09,-1.7286640233300613e-09,-1.6743152177372764e-08
1480,1.8480020636458402e-09,-2.1030950757958784e-09,-1.1760118836940413e-08,8.223298148510281e-10,-1.8166559145296667e-09,2.886168272910072e-09,2.202637330689363e-09,-9.04060938950599e-09,3.460361539385151e-08,1.0550733791965255e-09,6.95447135825124e-11,-2.4946780775592942e-08,2.251547800635178e-09,-2.314795528524745e-09,-1.0804025689184476e-08,1.905127231345448e-09,-2.7860938104242945e-09,-3.4546060068394857e-09,1.5993444817757151e-09,-1.759694328108348e-09,-1.6855826080873246e-08
1481,1.9361663177433054e-09,-2.1590100041753997e-09,-1.1943209289554274e-08,6.573338623785895e-10,-1.7117292044022503e-09,2.7257694919495747e-09,2.1712427318032723e-09,-9.080017034878227e-09,3.45268411297607e-08,1.0325966547393593e-09,1.0891508870188934e-10,-2.5007777627768033e-08,2.31843337074754e-09,-2.3072680219686716e-09,-1.102366004585719e-08,1.922571448242823e-09,-2.9299514283839134e-09,-3.687954141533998e-09,1.743031147262266e-09,-1.7734278367997317e-09,-1.6954036484893757e-08
1482,2.0248002234222737e-09,-2.195965798163454e-09,-1.2106918943745478e-08,4.957469140053559e-10,-1.6072251778350608e-09,2.550990151523959e-09,2.133102372421238e-09,-9.11470123868342e-09,3.444956848134899e-08,1.0082023132360247e-09,1.4953812632547365e-10,-2.5059230225929475e-08,2.3814378876998517e-09,-2.2732094791565823e-09,-1.122402114979939e-08,1.9295367861775573e-09,-3.0593651290743807e-09,-3.8991614091419175e-09,1.880987046332496e-09,-1.7677495929510577e-09,-1.703840179788382e-08
1483,2.1120732820054265e-09,-2.2119191087113865e-09,-1.2257894005228935e-08,3.34238870213455e-10,-1.5002929769197928e-09,2.362757089507384e-09,2.0872952222272374e-09,-9.143254953793006e-09,3.436929706170288e-08,9.826956895365183e-10,1.9372576847242875e-10,-2.5100375526493207e-08,2.439992935633405e-09,-2.212558286814533e-09,-1.1413412473737666e-08,1.9262928984076054e-09,-3.1711498651147005e-09,-4.0971516165451845e-09,2.0133535629127325e-09,-1.7396825261413086e-09,-1.7114103695703712e-08
1484,2.1941509138630675e-09,-2.2049621515281385e-09,-1.2396207046234434e-08,1.7637334773890403e-10,-1.3920588763432908e-09,2.1711896283099633e-09,2.0355677310803358e-09,-9.164774448270547e-09,3.428760759800377e-08,9.567820025687714e-10,2.4225027093887846e-10,-2.512878504605213e-08,2.4918241371321247e-09,-2.127990866826391e-09,-1.1592268830333363e-08,1.9138318892051606e-09,-3.25996880100071e-09,-4.283010427359393e-09,2.1370034811252843e-09,-1.6881071098789597e-09,-1.718266652455136e-08
1485,2.2684604591863577e-09,-2.1762329826850838e-09,-1.2522722354388679e-08,2.5910959265200653e-11,-1.284225629065322e-09,1.98717763591844e-09,1.9807095546002774e-09,-9.178942584705577e-09,3.4204820781257e-08,9.31441617468819e-10,2.952602595427871e-10,-2.5143973716637014e-08,2.534408404781353e-09,-2.0260591156885723e-09,-1.1760335597856901e-08,1.895205632501916e-09,-3.3219095367622105e-09,-4.458282396073294e-09,2.2490965067107626e-09,-1.618529828011736e-09,-1.724568436975894e-08
1486,2.334679485311534e-09,-2.1254597468301067e-09,-1.2643017391802734e-08,-1.1921770159193966e-10,-1.1749315235508175e-09,1.8164731027787296e-09,1.9220769982124093e-09,-9.182038989664572e-09,3.411975654761871e-08,9.062106025270048e-10,3.5588064120883676e-10,-2.514508626942097e-08,2.5658799469386825e-09,-1.9091148648978174e-09,-1.1922391373107604e-08,1.868689522938252e-09,-3.3564220044977624e-09,-4.6297390849091166e-09,2.349824343122433e-09,-1.5310237738766655e-09,-1.730640361257055e-08
1487,2.3902373181844948e-09,-2.055466511477423e-09,-1.2756985803836184e-08,-2.5539471622797174e-10,-1.0663794817648547e-09,1.672848640329649e-09,1.8613922205844574e-09,-9.177269913059956e-09,3.403489889763706e-08,8.81098188528426e-10,4.2389354638420155e-10,-2.5130856805656297e-08,2.5833702444970094e-09,-1.7839420104792014e-09,-1.2075684046655973e-08,1.833735543819767e-09,-3.362624831971867e-09,-4.796027173295168e-09,2.4358208735629253e-09,-1.4315798544539777e-09,-1.7364056611340974e-08
1488,2.4328664839151514e-09,-1.9701908082895513e-09,-1.2865483665170452e-08,-3.81631316747067e-10,-9.598869645561447e-10,1.5653353884676386e-09,1.7997242094616585e-09,-9.16351489131964e-09,3.395153232589186e-08,8.553104710460113e-10,4.995887767088644e-10,-2.5100757494238903e-08,2.5851916410218143e-09,-1.6564655488828018e-09,-1.2220123096234938e-08,1.7889683810923533e-09,-3.3439140686129294e-09,-4.956033672607059e-09,2.5056179812489062e-09,-1.3272686848737438e-09,-1.741775229592353e-08
1489,2.460452543082423e-09,-1.875010811258581e-09,-1.2967687051494819e-08,-4.954218011934135e-10,-8.572768455344134e-10,1.502855070443804e-09,1.736749525869991e-09,-9.138149575072446e-09,3.3872246426486065e-08,8.277725449075855e-10,5.825308155538171e-10,-2.505569393270647e-08,2.570929602612469e-09,-1.533820130466297e-09,-1.235365217336548e-08,1.7342830435892076e-09,-3.304237965093182e-09,-5.106427664361539e-09,2.5570873009459285e-09,-1.2251237795419658e-09,-1.7465771960107285e-08
1490,2.4724893278901043e-09,-1.7730168607738852e-09,-1.3065664781313047e-08,-5.977343753233177e-10,-7.568700843341293e-10,1.4903270262725692e-09,1.6697447086511132e-09,-9.101753297132486e-09,3.3795523973970645e-08,7.967185348313891e-10,6.747412321508367e-10,-2.4994972086370372e-08,2.5411832868248578e-09,-1.4178850336504534e-09,-1.2478269385270551e-08,1.667053564302339e-09,-3.2492898944316774e-09,-5.248987482373277e-09,2.5911198616366495e-09,-1.126549641291363e-09,-1.7507771353619967e-08
1491,2.4679234795820026e-09,-1.6702656695609385e-09,-1.3156976002438048e-08,-6.86122419909519e-10,-6.609723710408228e-10,1.533780068089146e-09,1.6012535414825154e-09,-9.05609577799129e-09,3.37229745815301e-08,7.618592766552901e-10,7.741535872891879e-10,-2.4919804091736746e-08,2.498009301444023e-09,-1.3141894438003092e-09,-1.2589228664659009e-08,1.588109226124612e-09,-3.185343108978284e-09,-5.378216536128547e-09,2.6072317551088296e-09,-1.0356929733255595e-09,-1.7540843655898008e-08
1492,2.446950351932056e-09,-1.5706698435150552e-09,-1.3239588286817511e-08,-7.6057242236606e-10,-5.692108634394887e-10,1.6354555661965708e-09,1.5288644697423426e-09,-9.001378057997686e-09,3.3654585533669604e-08,7.217774442160724e-10,8.795876385301722e-10,-2.4831819301010276e-08,2.443393712127986e-09,-1.2243479307526536e-09,-1.268326804268822e-08,1.499413185975576e-09,-3.117062837385898e-09,-5.489633778953368e-09,2.606421172635702e-09,-9.539344690214456e-10,-1.75625806177675e-08
1493,2.411664309807959e-09,-1.4780608888901114e-09,-1.3310335030520955e-08,-8.22485382756759e-10,-4.824924223681798e-10,1.7930854529908546e-09,1.455282936883807e-09,-8.939957777697977e-09,3.359132313538532e-08,6.761638281181761e-10,9.885556113662114e-10,-2.4733087646853477e-08,2.380904958227458e-09,-1.1485486209472159e-09,-1.2756646394572024e-08,1.405692949578073e-09,-3.049401355461196e-09,-5.576610802261194e-09,2.591020534621613e-09,-8.82070968483036e-10,-1.7570661153034455e-08
1494,2.36380435886902e-09,-1.3915911717805859e-09,-1.3368377488289446e-08,-8.727263083035827e-10,-3.9672384035944787e-10,2.008235824345722e-09,1.3816481893610324e-09,-8.87029226215904e-09,3.353294847161415e-08,6.229425241574877e-10,1.102070040212746e-09,-2.46207797543699e-08,2.311029267053412e-09,-1.0835713213965364e-09,-1.280886490954639e-08,1.3086875236102778e-09,-2.982420192205016e-09,-5.637062193104689e-09,2.5630310414048443e-09,-8.165965109078982e-10,-1.7564094185489635e-08
1495,2.306318912370897e-09,-1.3125572343104687e-09,-1.3410668145280469e-08,-9.093038746630033e-10,-3.115725630712053e-10,2.2723035000220224e-09,1.308797272587916e-09,-8.796678136030673e-09,3.3481779502946486e-08,5.615902127129738e-10,1.2161956748870045e-09,-2.44949987502107e-08,2.2352074037756504e-09,-1.0274311831632325e-09,-1.2837366380203227e-08,1.2135939243335008e-09,-2.916381961956267e-09,-5.66669463299082e-09,2.5245595992290913e-09,-7.557996659177611e-10,-1.754229037432079e-08
1496,2.2421606693224976e-09,-1.2400840283864594e-09,-1.343472711052166e-08,-9.325735798965905e-10,-2.2680779549072822e-10,2.569751235681476e-09,1.241612133807536e-09,-8.71984617926735e-09,3.343949670909376e-08,4.921658623332887e-10,1.3269806944452693e-09,-2.4355818870220704e-08,2.1546482224710173e-09,-9.78351160561079e-10,-1.2840894311032081e-08,1.124319903411669e-09,-2.849550776103389e-09,-5.663399750975289e-09,2.477877325374193e-09,-6.97370151935945e-10,-1.7505386133167308e-08
1497,2.1713147812239293e-09,-1.170717186419222e-09,-1.3439529122079956e-08,-9.424830691467083e-10,-1.3831705078524236e-10,2.8935218425055285e-09,1.1785070494161629e-09,-8.639183592625893e-09,3.3406481725819144e-08,4.127588784964913e-10,1.4343591998019543e-09,-2.4197422545097184e-08,2.0662576456268817e-09,-9.323312943738176e-10,-1.2818672829821327e-08,1.039347072010642e-09,-2.7769977967320997e-09,-5.6255295542485675e-09,2.4225123530728743e-09,-6.378071823965066e-10,-1.7451938517397873e-08
1498,2.0944821193810083e-09,-1.1031159487541454e-09,-1.3423264104260571e-08,-9.38812923219455e-10,-4.685437697195329e-11,3.223324247340272e-09,1.1230812319395116e-09,-8.557673216479097e-09,3.3383836752487875e-08,3.242178471725524e-10,1.5341797721898845e-09,-2.4020640527980992e-08,1.9695738272844535e-09,-8.869802778082716e-10,-1.2769548031106692e-08,9.5858953987325e-10,-2.697587252837747e-09,-5.553280905751395e-09,2.3585168793161326e-09,-5.757536039218949e-10,-1.738157716399419e-08
1499,2.0114225001383857e-09,-1.0352790830655572e-09,-1.3384578860235416e-08,-9.219616465816092e-10,4.6906378272380946e-11,3.5414929154800524e-09,1.0753898381800451e-09,-8.47624616623839e-09,3.3367032272684067e-08,2.268489025220071e-10,1.624063643024317e-09,-2.382654979707094e-08,1.8635196914797916e-09,-8.404665463596497e-10,-1.2691805516356487e-08,8.807028228974482e-10,-2.6119559295402485e-09,-5.4474349927640014e-09,2.2853699110290306e-09,-5.109187011429847e-10,-1.7292907697460916e-08
1500,1.9231481272591326e-09,-9.663559854159035e-10,-1.3322552829612172e-08,-8.937634528452334e-10,1.3998953573221345e-10,3.827238769130136e-09,1.0360966443099318e-09,-8.397135149553582e-09,3.3350284841435226e-08,1.2272012905616632e-10,1.70227943377525e-09,-2.3621628844480564e-08,1.749641182231999e-09,-7.918503117477546e-10,-1.2584901065395504e-08,8.054268481764452e-10,-2.519626733943275e-09,-5.309983337463136e-09,2.203822466593303e-09,-4.4313268236461375e-10,-1.7185196466826318e-08
