Position_Index,sc1_pos_x,sc1_pos_y,sc1_pos_z,sc1_vg_B_x,sc1_vg_B_y,sc1_vg_B_z,sc2_pos_x,sc2_pos_y,sc2_pos_z,sc2_vg_B_x,sc2_vg_B_y,sc2_vg_B_z,sc3_pos_x,sc3_pos_y,sc3_pos_z,sc3_vg_B_x,sc3_vg_B_y,sc3_vg_B_z,sc4_pos_x,sc4_pos_y,sc4_pos_z,sc4_vg_B_x,sc4_vg_B_y,sc4_vg_B_z,sc5_pos_x,sc5_pos_y,sc5_pos_z,sc5_vg_B_x,sc5_vg_B_y,sc5_vg_B_z,sc6_pos_x,sc6_pos_y,sc6_pos_z,sc6_vg_B_x,sc6_vg_B_y,sc6_vg_B_z,sc7_pos_x,sc7_pos_y,sc7_pos_z,sc7_vg_B_x,sc7_vg_B_y,sc7_vg_B_z
0,38226000.0,-70081000.0,-6371000.0,2.9672777934086694e-09,5.236780818847845e-09,-4.6739407504248916e-09,41572826.39829,-64659893.67408001,0.0,1.5833432717582042e-09,-3.0556721693492086e-09,2.0423688887217843e-08,36878010.56832,-61761456.98159,-9556500.0,1.3315629645638132e-09,-9.435666846843763e-09,3.387689674104983e-08,46267642.228259996,-67558330.30286,-9556500.0,-2.1772327321811734e-09,5.739876008970576e-09,-2.5862803706201297e-08,38704118.066,-69306556.21185,-5460857.16106,2.346655423018658e-09,4.326716227528694e-09,-2.4197584902599725e-09,38033430.09029,-68892493.83631,-6826071.41947,1.2221099897948964e-09,2.7962189577701084e-09,2.3897284713401407e-09,39374806.04171,-69720618.58739,-6826071.41947,3.2158239355572534e-09,6.769730096323702e-09,-9.445807680295337e-09
1,38483414.14141414,-69694878.78787878,-6371000.0,2.682286879976325e-09,5.121719701526158e-09,-4.187130856769418e-09,41830240.539704144,-64273772.46195879,0.0,1.6487516909795812e-09,-2.768856036425968e-09,2.0804158023590473e-08,37135424.70973414,-61375335.769468784,-9556500.0,1.4258065983516464e-09,-9.455931435482563e-09,3.423911839438145e-08,46525056.36967414,-67172209.09073879,-9556500.0,-2.4830364405747276e-09,5.745269752902564e-09,-2.6100376037303066e-08,38961532.20741414,-68920434.99972878,-5460857.16106,2.101604087773719e-09,4.37760064309371e-09,-1.815239134245314e-09,38290844.231704146,-68506372.62418878,-6826071.41947,1.197816940964506e-09,2.5122743864287196e-09,3.4983880958954903e-09,39632220.18312414,-69334497.37526879,-6826071.41947,2.8027770083743505e-09,6.526987038788519e-09,-9.070370997318354e-09
2,38740828.28282829,-69308757.57575758,-6371000.0,2.425447575158449e-09,5.160960027699525e-09,-3.8643035354499285e-09,42087654.68111829,-63887651.249837585,0.0,1.6668410680805543e-09,-2.542384560389254e-09,2.1442147723591876e-08,37392838.851148285,-60989214.55734758,-9556500.0,1.5180808010076595e-09,-9.48272750861515e-09,3.464849378424095e-08,46782470.51108828,-66786087.878617585,-9556500.0,-2.7648401204044246e-09,5.68872689374551e-09,-2.6246801873279702e-08,39218946.348828286,-68534313.78760758,-5460857.16106,1.82837336956561e-09,3.735978903195849e-09,-2.3926236321641403e-10,38548258.37311829,-68120251.41206758,-6826071.41947,1.1299378119247278e-09,2.2021725542347156e-09,4.705566646525067e-09,39889634.32453828,-68948376.16314758,-6826071.41947,2.4393706917072123e-09,6.33615091760332e-09,-8.711835632441479e-09
3,38998242.42424242,-68922636.36363636,-6371000.0,2.2225350629338127e-09,5.242185356617823e-09,-3.4695002843269285e-09,42345068.82253242,-63501530.03771637,0.0,1.6376114030611102e-09,-2.376257741239088e-09,2.2337657987222265e-08,37650252.99256242,-60603093.34522636,-9556500.0,1.6102292904604801e-09,-9.455633075874913e-09,3.492482340367221e-08,47039884.65250242,-66399966.666496366,-9556500.0,-3.009915704519985e-09,5.596928296074379e-09,-2.6335822481663923e-08,39476360.49024242,-68148192.57548636,-5460857.16106,1.5343013357060454e-09,3.1325869642399123e-09,1.2641313256845828e-09,38805672.514532425,-67734130.19994636,-6826071.41947,1.018472602675533e-09,1.865913461187995e-09,6.011264123229134e-09,40147048.46595242,-68562254.95102637,-6826071.41947,2.1656231987460496e-09,5.774108065375016e-09,-7.444105968352294e-09
4,39255656.565656565,-68536515.15151516,-6371000.0,1.9229319516225862e-09,4.48241398568333e-09,-1.881203243631418e-09,42602482.963946566,-63115408.82559516,0.0,1.5610626959212677e-09,-2.2704755789754354e-09,2.3490688814481377e-08,37907667.133976564,-60216972.13310516,-9556500.0,1.6973774657373938e-09,-9.443469242515306e-09,3.5228872076149244e-08,47297298.79391656,-66013845.45437516,-9556500.0,-3.1828596080227158e-09,5.495687762573643e-09,-2.6245430578009512e-08,39733774.631656565,-67762071.36336516,-5460857.16106,1.247304557071415e-09,2.6370860254576633e-09,2.649821878621519e-09,39063086.65594657,-67348008.98782516,-6826071.41947,8.377454107953014e-10,1.4518041992043209e-09,7.379929815322599e-09,40404462.60736656,-68176133.73890516,-6826071.41947,1.908077225833664e-09,5.348073688017452e-09,-6.360210828141465e-09
5,39513070.70707071,-68150393.93939394,-6371000.0,1.635030825499334e-09,3.845751283501623e-09,-4.520476056666909e-10,42859897.10536071,-62729287.613473944,0.0,1.5283782901219869e-09,-2.117133888875867e-09,2.4235765931938935e-08,38165081.27539071,-59830850.92098394,-9556500.0,1.7795253268384123e-09,-9.446236008536337e-09,3.556063980167207e-08,47554712.935330704,-65627724.242253944,-9556500.0,-3.3592715300043747e-09,5.411105635808624e-09,-2.6245571123800007e-08,39991188.77307071,-67375950.15124394,-5460857.16106,9.673830336616844e-10,2.2494760868490194e-09,3.917809295594662e-09,39320500.79736071,-66961887.77570394,-6826071.41947,5.939692198289837e-10,9.57453281801926e-10,8.559275304412932e-09,40661876.748780705,-67790012.52678394,-6826071.41947,1.6667327729700303e-09,5.058047785530564e-09,-5.460150211808761e-09
6,39770484.84848485,-67764272.72727273,-6371000.0,1.3602891311502427e-09,3.3357245646249684e-09,8.15317304391146e-10,43117311.24677485,-62343166.40135274,0.0,1.5658464406854823e-09,-1.9187794153134248e-09,2.4350142878070718e-08,38422495.41680485,-59444729.70886274,-9556500.0,1.856672873763525e-09,-9.463933373937995e-09,3.592012658024067e-08,47812127.07674485,-65241603.03013274,-9556500.0,-3.5391514704649515e-09,5.343181915779321e-09,-2.6336244119035446e-08,40248602.91448485,-66989828.93912274,-5460857.16106,7.012538759562299e-10,1.9679449873069144e-09,5.073082954783955e-09,39577914.938774854,-66575766.56358273,-6826071.41947,5.573227208248793e-10,5.574975038671378e-10,9.717273028668877e-09,40919290.89019485,-67403891.31466274,-6826071.41947,1.4415898401551711e-09,4.904030357914403e-09,-4.743924119354367e-09
7,40027898.98989899,-67378151.51515152,-6371000.0,1.0987068685752825e-09,2.952333829053282e-09,1.9208914865423546e-09,43374725.38818899,-61957045.18923152,0.0,1.6524794089567122e-09,-1.6735646821163862e-09,2.4005049040583057e-08,38679909.558218986,-59058608.49674152,-9556500.0,1.9288201065127437e-09,-9.496561338720293e-09,3.630733241185506e-08,48069541.21815898,-64855481.81801152,-9556500.0,-3.6961608119816206e-09,5.22577003288658e-09,-2.6386771732373452e-08,40506017.05589899,-66603707.72700152,-5460857.16106,6.713129032096575e-10,1.6516211649134774e-09,6.454112009447104e-09,39835329.08018899,-66189645.351461515,-6826071.41947,5.119850651167395e-10,1.4812070369492335e-10,1.1029687264424909e-08,41176705.031608984,-67017770.10254152,-6826071.41947,1.1179567896002793e-09,4.6391707052127574e-09,-4.0114168287185354e-09
8,40285313.13131313,-66992030.303030305,-6371000.0,8.545019476887719e-10,2.6918675536534493e-09,2.8744965402863296e-09,43632139.52960313,-61570923.97711031,0.0,1.7167041187814296e-09,-1.439524702346952e-09,2.3921200220495078e-08,38937323.69963313,-58672487.28462031,-9556500.0,2.0017584308777745e-09,-9.50370466386032e-09,3.662895858306472e-08,48326955.359573126,-64469360.60589031,-9556500.0,-3.809165274990877e-09,5.030927967635716e-09,-2.6363897093553254e-08,40763431.19731313,-66217586.51488031,-5460857.16106,6.11091603939123e-10,1.295671562861977e-09,8.02734936773835e-09,40092743.22160313,-65803524.139340304,-6826071.41947,4.579562527045763e-10,-2.7067711871463503e-10,1.2496518011680768e-08,41434119.17302313,-66631648.89042031,-6826071.41947,8.906236887756243e-10,3.956466063745772e-09,-2.3406860258341e-09
9,40542727.27272727,-66605909.09090909,-6371000.0,8.087674109593518e-10,2.307359757149307e-09,4.300128272072672e-09,43889553.671017274,-61184802.7649891,0.0,1.7585205701596276e-09,-1.216659476005135e-09,2.4098596417806882e-08,39194737.84104727,-58286366.0724991,-9556500.0,2.0806635553564288e-09,-9.465012303186346e-09,3.6903835957471275e-08,48584369.50098727,-64083239.3937691,-9556500.0,-3.920630856661302e-09,4.87674828820798e-09,-2.6510913100517983e-08,41020845.33872727,-65831465.302759096,-5460857.16106,5.135028495467088e-10,8.897181966098501e-10,9.765178819690908e-09,40350157.363017276,-65417402.92721909,-6826071.41947,3.952362835883847e-10,-6.988959633615695e-10,1.4117765270436556e-08,41691533.31443727,-66245527.6782991,-6826071.41947,6.781979980475369e-10,3.3549505834731043e-09,-7.96543142430907e-10
10,40800141.41414142,-66219787.878787875,-6371000.0,7.471453275859212e-10,1.903362685934196e-09,5.892773779401764e-09,44146967.81243142,-60798681.55286788,0.0,1.8209102021181855e-09,-1.0028216352719822e-09,2.418980949845263e-08,39452151.982461415,-57900244.86037788,-9556500.0,2.1573976830580723e-09,-9.428326157371657e-09,3.719167128419929e-08,48841783.64240141,-63697118.18164788,-9556500.0,-4.030557556992898e-09,4.763230994603367e-09,-2.6827819753267623e-08,41278259.480141416,-65445344.09063788,-5460857.16106,3.2244086557949327e-10,3.8986110920646343e-10,1.1224017050165858e-08,40607571.50443142,-65031281.715097874,-6826071.41947,3.2382515776816244e-10,-1.1365358302458982e-09,1.5893429040692333e-08,41948947.45585141,-65859406.46617788,-6826071.41947,4.740116217645053e-10,2.8546352599791372e-09,5.70274714332702e-10
11,41057555.55555555,-65833666.666666664,-6371000.0,6.419950481355726e-10,1.4415111101357024e-09,7.595620982849234e-09,44404381.95384555,-60412560.34074667,0.0,1.8998888065135293e-09,-8.259911328855327e-10,2.4274678867773476e-08,39709566.12387555,-57514123.64825667,-9556500.0,2.2296070580334987e-09,-9.408516607899507e-09,3.750510053410111e-08,49099197.78381555,-63310996.96952667,-9556500.0,-4.112636975879514e-09,4.654413788261733e-09,-2.7103449033453522e-08,41535673.62155555,-65059222.87851667,-5460857.16106,1.3299043333853546e-10,-3.2136964877794046e-11,1.2583125260586547e-08,40864985.645845555,-64645160.50297666,-6826071.41947,3.617682674960158e-10,-1.370631341812966e-09,1.708177460405678e-08,42206361.59726555,-65473285.25405667,-6826071.41947,2.7806455992653624e-10,2.4555200932638934e-09,1.7597675444566595e-09
12,41314969.696969695,-65447545.45454545,-6371000.0,4.383856426543104e-10,8.960263168058247e-10,9.073364175885432e-09,44661796.095259696,-60026439.12862546,0.0,1.9558569202024738e-09,-6.96885971181145e-10,2.4688280681247704e-08,39966980.265289694,-57128002.436135456,-9556500.0,2.297291680282707e-09,-9.405583654769886e-09,3.7844123707176704e-08,49356611.92522969,-62924875.75740546,-9556500.0,-4.140761304342615e-09,4.4805260938191344e-09,-2.7089142540342518e-08,41793087.762969695,-64673101.666395456,-5460857.16106,9.128638113925605e-11,-2.3519174702455785e-10,1.3404909301374633e-08,41122399.7872597,-64259039.29085545,-6826071.41947,3.423937294648049e-10,-1.656934104222919e-09,1.8149550789926726e-08,42463775.73867969,-65087164.04193546,-6826071.41947,9.035681253362318e-11,2.157605083327374e-09,2.771935347940929e-09
13,41572383.83838384,-65061424.24242424,-6371000.0,2.4080629737850487e-10,4.4396129910146615e-10,1.0399647344477117e-08,44919210.23667384,-59640317.91650425,0.0,1.9888145431850158e-09,-6.155061501588288e-10,2.543061493887536e-08,40224394.40670384,-56741881.224014245,-9556500.0,2.3694659873629422e-09,-9.397109652826967e-09,3.8166964369917376e-08,49614026.066643834,-62538754.54528425,-9556500.0,-4.10355742964948e-09,4.199783815203145e-09,-2.6972497978940694e-08,42050501.90438384,-64286980.454274245,-5460857.16106,7.416021490331118e-11,-4.189209470580722e-10,1.4314807730423917e-08,41379813.92867384,-63872918.07873424,-6826071.41947,2.7641111913021344e-10,-1.959219144468746e-09,1.9062750152221386e-08,42721189.880093835,-64701042.82981425,-6826071.41947,1.0185337315398356e-11,1.8752474539390474e-09,3.896121250008438e-09
14,41829797.97979798,-64675303.03030303,-6371000.0,1.682058776352096e-10,1.6266517525436122e-10,1.1310382882612961e-08,45176624.37808798,-59254196.70438304,0.0,2.0421689582581215e-09,-5.547491745398971e-10,2.5343499704012514e-08,40481808.54811798,-56355760.011893034,-9556500.0,2.445040795336257e-09,-9.38127971501454e-09,3.8470699712221117e-08,49871440.20805798,-62152633.33316304,-9556500.0,-4.063358376900886e-09,3.961741475343821e-09,-2.6981665376803294e-08,42307916.04579798,-63900859.24215303,-5460857.16106,5.484586590988224e-11,-6.15868957855915e-10,1.5414284673801917e-08,41637228.070087984,-63486796.86661303,-6826071.41947,2.1996208398532835e-10,-2.2576281126958795e-09,2.0143224293161583e-08,42978604.02150798,-64314921.61769304,-6826071.41947,-3.164759697749829e-11,1.5827809635764586e-09,5.233047454946295e-09
15,42087212.121212125,-64289181.81818182,-6371000.0,1.2376593296730222e-10,-9.824516610666668e-11,1.23199257082285e-08,45434038.519502126,-58868075.49226183,0.0,2.1189267682941436e-09,-4.599137624336097e-10,2.468768281898831e-08,40739222.68953212,-55969638.79977182,-9556500.0,2.5202322528724223e-09,-9.366604980346786e-09,3.8771281941093717e-08,50128854.34947212,-61766512.12104183,-9556500.0,-4.020164146096832e-09,3.766399074241162e-09,-2.711664473393032e-08,42565330.187212124,-63514738.03003182,-5460857.16106,3.334333415896926e-11,-8.260357794180868e-10,1.6703340131508635e-08,41894642.21150213,-63100675.65449182,-6826071.41947,1.7304662403014955e-10,-2.5521610089043188e-09,2.1390973212747304e-08,43236018.16292212,-63928800.405571826,-6826071.41947,-1.6070878396445926e-10,1.141584637648501e-09,6.39693890571491e-09
16,42344626.26262626,-63903060.60606061,-6371000.0,8.495231084003879e-11,-3.609777297100203e-10,1.350417789105068e-08,45691452.66091626,-58481954.280140616,0.0,2.215674952456832e-09,-3.6126838589974206e-10,2.397882971850864e-08,40996636.83094626,-55583517.58765061,-9556500.0,2.595040359971439e-09,-9.353085448823707e-09,3.906871105653519e-08,50386268.490886256,-61380390.908920616,-9556500.0,-3.9739747372373194e-09,3.613756611895167e-09,-2.7377436050321778e-08,42822744.32862626,-63128616.81791061,-5460857.16106,9.652619650572597e-12,-1.0494214117445993e-09,1.8181974103544112e-08,42152056.35291626,-62714554.44237061,-6826071.41947,2.0519222423316129e-10,-2.6262882469820724e-09,2.2048281580544186e-08,43493432.30433626,-63542679.193450615,-6826071.41947,-3.0657397977042947e-10,7.468506485497244e-10,7.351907316548814e-09
17,42602040.4040404,-63516939.39393939,-6371000.0,5.1765011253417174e-11,-6.255325155556891e-10,1.486313943107946e-08,45948866.802330405,-58095833.0680194,0.0,2.2968091020713043e-09,-2.669954858711842e-10,2.3684049485543328e-08,41254050.9723604,-55197396.37552939,-9556500.0,2.6840286551705905e-09,-9.289015395715752e-09,3.932739496998949e-08,50643682.6323004,-60994269.6967994,-9556500.0,-3.924195361636869e-09,3.5020758209751115e-09,-2.7762047787288083e-08,43080158.4700404,-62742495.60578939,-5460857.16106,2.8745592472772477e-11,-1.144232573228799e-09,1.8945209497052545e-08,42409470.494330406,-62328433.23024939,-6826071.41947,2.706484868628825e-10,-2.6485757204246753e-09,2.268470619227293e-08,43750846.4457504,-63156557.9813294,-6826071.41947,-4.612330200061556e-10,4.148598075353066e-10,8.11382829896395e-09
18,42859454.54545455,-63130818.18181818,-6371000.0,2.4204034207438454e-11,-8.919095236436574e-10,1.6396810328314778e-08,46206280.94374455,-57709711.85589819,0.0,2.362329217137559e-09,-1.770950623479374e-10,2.3803342120092376e-08,41511465.113774545,-54811275.16340818,-9556500.0,2.775652076194457e-09,-9.24544326032925e-09,3.960683210434495e-08,50901096.77371454,-60608148.48467819,-9556500.0,-3.832630552479253e-09,3.3340749544846327e-09,-2.8295442558619848e-08,43337572.61145455,-62356374.39366818,-5460857.16106,3.473791278339081e-11,-1.1911532194240979e-09,1.8931047051433046e-08,42666884.63574455,-61942312.01812818,-6826071.41947,3.4478162365979936e-10,-2.6996509804566203e-09,2.3579346370467647e-08,44008260.58716454,-62770436.769208185,-6826071.41947,-5.533945425607616e-10,2.2991625135810632e-10,8.525101827968647e-09
19,43116868.68686868,-62744696.96969697,-6371000.0,1.561661773388057e-11,-1.038074851837883e-09,1.7127585733084523e-08,46463695.08515868,-57323590.643776976,0.0,2.4122352976555916e-09,-9.156711533001352e-11,2.4336707622155868e-08,41768879.25518868,-54425153.95128697,-9556500.0,2.8752115553756753e-09,-9.204373415553114e-09,3.988313189869192e-08,51158510.91512868,-60222027.272556975,-9556500.0,-3.717514557447719e-09,3.1865764711787317e-09,-2.8549285505471207e-08,43594986.75286868,-61970253.18154697,-5460857.16106,4.294053553851203e-11,-1.2294429455523247e-09,1.9066029147688317e-08,42924298.777158685,-61556190.80600697,-6826071.41947,4.275916346239142e-10,-2.7795140270779266e-09,2.4732202115128398e-08,44265674.72857868,-62384315.557086974,-6826071.41947,-5.946281443304253e-10,1.2559871746550916e-10,8.884213332604142e-09
20,43374282.828282826,-62358575.75757576,-6371000.0,-1.5633939542332097e-11,-1.1378476541181491e-09,1.723155559629333e-08,46721109.22657283,-56937469.431655765,0.0,2.445707074945581e-09,-1.3479714457758201e-11,2.5160460329268477e-08,42026293.396602824,-54039032.73916576,-9556500.0,2.973320432888629e-09,-9.173638499979879e-09,4.0170391282628356e-08,51415925.05654282,-59835906.060435764,-9556500.0,-3.601591135421378e-09,3.0240275798935906e-09,-2.8768138360480362e-08,43852400.894282825,-61584131.96942576,-5460857.16106,5.335346073813137e-11,-1.2591017516134572e-09,1.9350155785818238e-08,43181712.91857283,-61170069.59388576,-6826071.41947,4.2308970558164116e-10,-2.8856770341259303e-09,2.5341586423229303e-08,44523088.86999282,-61998194.34496576,-6826071.41947,-6.307301128754436e-10,3.43409020154004e-11,9.36179833858197e-09
21,43631696.96969697,-61972454.54545455,-6371000.0,-4.272664052061134e-11,-1.2260370040810688e-09,1.746422264102197e-08,46978523.36798697,-56551348.21953455,0.0,2.457706417997753e-09,2.065857256827286e-11,2.5746247292300056e-08,42283707.53801697,-53652911.52704455,-9556500.0,3.0699787087333193e-09,-9.153238513609549e-09,4.046861025615426e-08,51673339.197956964,-59449784.84831455,-9556500.0,-3.4881736078463643e-09,2.836321086807226e-09,-2.8857230831362052e-08,44109815.03569697,-61198010.75730455,-5460857.16106,6.597668838225124e-11,-1.2801296376075067e-09,1.9783426965822872e-08,43439127.05998697,-60783948.381764546,-6826071.41947,4.136651459423016e-10,-2.8844305853375924e-09,2.527530127269235e-08,44780503.011406966,-61612073.13284455,-6826071.41947,-6.617004481958123e-10,-4.3857194992229614e-11,9.957856845902199e-09
22,43889111.11111111,-61586333.333333336,-6371000.0,-6.566148520095737e-11,-1.302642901726641e-09,1.7825586867270448e-08,47235937.50940111,-56165227.00741334,0.0,2.4440464305612103e-09,-4.176331643055035e-11,2.513269918763136e-08,42541121.67943111,-53266790.31492334,-9556500.0,3.1651863829097454e-09,-9.143173456442123e-09,4.077778881926966e-08,51930753.33937111,-59063663.63619334,-9556500.0,-3.3525516454533113e-09,2.663681473400216e-09,-2.8831207573254857e-08,44367229.17711111,-60811889.54518334,-5460857.16106,1.3019662747712615e-10,-1.2232711827262173e-09,2.007266524645459e-08,43696541.201401114,-60397827.169643335,-6826071.41947,4.601164353919021e-10,-2.7871055976604013e-09,2.5064487895903805e-08,45037917.15282111,-61225951.92072334,-6826071.41947,-6.89876715265191e-10,-1.3612992542873322e-10,1.0587170429432799e-08
23,44146525.252525255,-61200212.121212125,-6371000.0,-8.443847358336998e-11,-1.367665347054867e-09,1.8315648275038762e-08,47493351.650815256,-55779105.79529213,0.0,2.429541203991897e-09,-8.055272102588425e-11,2.47223815207563e-08,42798535.820845254,-52880669.10280213,-9556500.0,3.2651301214157134e-09,-9.135034191581326e-09,4.108462028198334e-08,52188167.48078525,-58677542.42407213,-9556500.0,-3.2205182876812936e-09,2.5331897227164272e-09,-2.8897931992388426e-08,44624643.318525255,-60425768.33306213,-5460857.16106,2.665143015833744e-10,-1.0854365671523842e-09,2.0292060274919624e-08,43953955.34281526,-60011705.957522124,-6826071.41947,5.470828041975487e-10,-2.6706658473064623e-09,2.5120138881398844e-08,45295331.29423525,-60839830.70860213,-6826071.41947,-6.781923116111979e-10,-2.932207387183285e-10,1.0516646237896415e-08
24,44403939.39393939,-60814090.90909091,-6371000.0,-4.4354907156969983e-11,-1.337595855933741e-09,1.86524645017334e-08,47750765.79222939,-55392984.58317091,0.0,2.4156449354213454e-09,-8.78327720828702e-11,2.4658311815934567e-08,43055949.96225939,-52494547.89068091,-9556500.0,3.385837254192207e-09,-9.094863164291434e-09,4.134810874387635e-08,52445581.62219939,-58291421.21195091,-9556500.0,-3.1046494942497856e-09,2.431341409640011e-09,-2.9018714933399204e-08,44882057.45993939,-60039647.12094091,-5460857.16106,4.2911711283377107e-10,-9.397175600918142e-10,2.078112280114021e-08,44211369.48422939,-59625584.745400906,-6826071.41947,6.745642523592484e-10,-2.5351113342757937e-09,2.5442254229177564e-08,45552745.43564939,-60453709.49648091,-6826071.41947,-5.939768020723356e-10,-3.3592839816849965e-10,1.0213173298360744e-08
25,44661353.535353534,-60427969.696969695,-6371000.0,8.221546426312003e-11,-1.2032038400006387e-09,1.891718459760383e-08,48008179.933643535,-55006863.3710497,0.0,2.402357624849564e-09,-6.360346960148743e-11,2.494049007316589e-08,43313364.10367353,-52108426.6785597,-9556500.0,3.5281411256753393e-09,-9.015198423693565e-09,4.1589847478420095e-08,52702995.76361353,-57905299.9998297,-9556500.0,-2.990600360976426e-09,2.2704972019461115e-09,-2.899813793640055e-08,45139471.60135353,-59653525.9088197,-5460857.16106,5.621144856513545e-10,-8.758828123669215e-10,2.0855857752593895e-08,44468783.62564354,-59239463.533279695,-6826071.41947,8.425607798769875e-10,-2.3804420585683606e-09,2.6030833939239786e-08,45810159.57706353,-60067588.2843597,-6826071.41947,-5.311325481205766e-10,-3.7835574078413064e-10,9.906053967359063e-09
26,44918767.67676768,-60041848.484848484,-6371000.0,2.44557600968622e-10,-1.0534405184541211e-09,1.9449436767581807e-08,48265594.07505768,-54620742.15892849,0.0,2.402218602675223e-09,-2.5222658835033052e-11,2.4826826929862703e-08,43570778.245087676,-51722305.46643849,-9556500.0,3.6576731582836088e-09,-8.961670128931353e-09,4.1852871617657265e-08,52960409.90502767,-57519178.78770849,-9556500.0,-2.8587229232308575e-09,2.116768578006969e-09,-2.896605687235342e-08,45396885.74276768,-59267404.69669849,-5460857.16106,6.394768651886052e-10,-8.783197955694875e-10,2.0438552765034716e-08,44726197.76705768,-58853342.32115848,-6826071.41947,1.0268484735689816e-09,-2.2150863775447746e-09,2.663126826161937e-08,46067573.718477674,-59681467.07223849,-6826071.41947,-4.896595497559106e-10,-4.205027665652323e-10,9.595288244891492e-09
27,45176181.81818182,-59655727.27272727,-6371000.0,3.581028717220028e-10,-1.024766836095588e-09,1.9432861194286053e-08,48523008.21647182,-54234620.94680728,0.0,2.4012878447766343e-09,2.2414635769740464e-12,2.5206483886299478e-08,43828192.38650182,-51336184.254317276,-9556500.0,3.774433352017015e-09,-8.934278280004795e-09,4.2137181161587844e-08,53217824.046441816,-57133057.57558728,-9556500.0,-2.7169267338212764e-09,1.9925488172133508e-09,-2.8912506150014326e-08,45654299.88418182,-58881283.484577276,-5460857.16106,7.046501625742927e-10,-8.666985476680743e-10,1.9959496719674168e-08,44983611.90847182,-58467221.10903727,-6826071.41947,1.210132665022934e-09,-2.067926830594875e-09,2.7076021468204447e-08,46324987.85989182,-59295345.86011728,-6826071.41947,-4.695578069783372e-10,-4.623694755118042e-10,9.280876130958033e-09
28,45433595.95959596,-59269606.06060606,-6371000.0,4.210592015855628e-10,-1.053575764845098e-09,1.9089007394045215e-08,48780422.357885964,-53848499.73468607,0.0,2.399323833517649e-09,1.8725390373725562e-11,2.60943296834926e-08,44085606.52791596,-50950063.042196065,-9556500.0,3.881625869190813e-09,-8.927284538445549e-09,4.243882775635991e-08,53475238.18785596,-56746936.36346607,-9556500.0,-2.565982709699319e-09,1.910945735100734e-09,-2.896199711643113e-08,45911714.02559596,-58495162.272456065,-5460857.16106,8.05661208525984e-10,-8.168893171686535e-10,1.9480142954739564e-08,45241026.049885966,-58081099.89691606,-6826071.41947,1.2722574978630148e-09,-2.0785680122055028e-09,2.6503824221742023e-08,46582402.00130596,-58909224.64799607,-6826071.41947,-4.333431904659534e-10,-4.760790164144625e-10,9.00885013997461e-09
29,45691010.1010101,-58883484.848484844,-6371000.0,4.727104506634897e-10,-1.0714796784723535e-09,1.8665354555167882e-08,49037836.4993001,-53462378.52256485,0.0,2.389023363114286e-09,1.2333715270804376e-11,2.7194683812805098e-08,44343020.6693301,-50563941.83007485,-9556500.0,4.002044491742323e-09,-8.8935332145905e-09,4.271883012622997e-08,53732652.329270095,-56360815.15134485,-9556500.0,-2.4343857931118125e-09,1.7722137693552777e-09,-2.8810870979783124e-08,46169128.1670101,-58109041.06033485,-5460857.16106,9.49049269769535e-10,-7.274723798563621e-10,1.9306125258308042e-08,45498440.1913001,-57694978.68479484,-6826071.41947,1.374880299237996e-09,-2.0490658534789527e-09,2.6124035656096584e-08,46839816.142720096,-58523103.43587485,-6826071.41947,-2.513889331323537e-10,-3.668786450121808e-10,9.057964954790794e-09
30,45948424.24242424,-58497363.63636364,-6371000.0,5.700715049812009e-10,-1.0400224943985772e-09,1.8228574084361163e-08,49295250.64071424,-53076257.31044365,0.0,2.3415556205247144e-09,-4.1545573707110046e-11,2.7002254629503965e-08,44600434.81074424,-50177820.61795364,-9556500.0,4.117531267708015e-09,-8.860659922649606e-09,4.2991165104205084e-08,53990066.47068424,-55974693.93922365,-9556500.0,-2.30299726586004e-09,1.6521065583697335e-09,-2.8700663632155285e-08,46426542.30842424,-57722919.84821364,-5460857.16106,1.134814346304924e-09,-5.984477357311745e-10,1.9437443630379333e-08,45755854.332714245,-57308857.47267364,-6826071.41947,1.529248255353559e-09,-1.967579317337128e-09,2.6024005876200874e-08,47097230.28413424,-58136982.223753646,-6826071.41947,-1.844932727891768e-11,-2.8137639104267637e-10,9.182349687230472e-09
31,46205838.383838385,-58111242.42424242,-6371000.0,7.16055000889939e-10,-9.60706489777008e-10,1.808007816022209e-08,49552664.782128386,-52690136.09832243,0.0,2.351872919295919e-09,-4.811816288846984e-12,2.7481960356557574e-08,44857848.952158384,-49791699.405832425,-9556500.0,4.2280861970879e-09,-8.828664662622878e-09,4.3255832690285285e-08,54247480.61209838,-55588572.72710243,-9556500.0,-2.155476427780658e-09,1.572274964853389e-09,-2.8709885940028076e-08,46683956.449838385,-57336798.636092424,-5460857.16106,1.3629564381321756e-09,-4.298153847931104e-10,1.9874098070953698e-08,46013268.47412839,-56922736.26055242,-6826071.41947,1.7106589482665153e-09,-1.8556328722484993e-09,2.6102407283857074e-08,47354644.42554838,-57750861.01163243,-6826071.41947,1.8824804650484768e-10,-3.1522593278140507e-10,8.911262414758176e-09
32,46463252.52525253,-57725121.21212121,-6371000.0,9.106609383896872e-10,-8.335316646076351e-10,1.8219866782750542e-08,49810078.92354253,-52304014.88620122,0.0,2.3400561145688735e-09,-3.152620700463319e-12,2.7278883566276983e-08,45115263.09357253,-49405578.193711214,-9556500.0,4.347659596317304e-09,-8.778476381067954e-09,4.349398300144506e-08,54504894.753512524,-55202451.51498122,-9556500.0,-2.0315856674497707e-09,1.5327160972772402e-09,-2.8737689298636652e-08,46941370.59125253,-56950677.42397121,-5460857.16106,1.6230204621261876e-09,-2.375421261232619e-10,2.056192874191654e-08,46270682.61554253,-56536615.04843121,-6826071.41947,1.854916554463242e-09,-1.7883543347021396e-09,2.610533334940936e-08,47612058.566962525,-57364739.79951122,-6826071.41947,3.352954150659933e-10,-3.648140746140362e-10,8.42877180214501e-09
33,46720666.666666664,-57339000.0,-6371000.0,1.1538893174804539e-09,-6.584980188904717e-10,1.8647939951946623e-08,50067493.064956665,-51917893.67408001,0.0,2.3440112778551496e-09,6.325423606154231e-12,2.7673874888468336e-08,45372677.23498666,-49019456.98159,-9556500.0,4.4678299087435375e-09,-8.731769772854966e-09,4.3732938861743764e-08,54762308.89492666,-54816330.30286001,-9556500.0,-1.951342015281371e-09,1.4474631554401647e-09,-2.8555547351574947e-08,47198784.732666664,-56564556.21185,-5460857.16106,1.725412314773353e-09,-3.331242360495636e-10,2.0080982163807858e-08,46528096.75695667,-56150493.83631,-6826071.41947,2.067331735114192e-09,-1.6867722914777454e-09,2.6471039911864255e-08,47869472.70837666,-56978618.587390006,-6826071.41947,4.2513289213420824e-10,-4.3078437837403305e-10,7.752068191065732e-09
34,46978080.80808081,-56952878.78787879,-6371000.0,1.434897347624923e-09,-4.522030108490481e-10,1.9318681711683667e-08,50324907.20637081,-51531772.461958796,0.0,2.371009492424574e-09,2.7226908021045696e-11,2.894265153503124e-08,45630091.376400806,-48633335.76946879,-9556500.0,4.604187359431686e-09,-8.683567516507807e-09,4.3979066261641503e-08,55019723.0363408,-54430209.090738796,-9556500.0,-1.864665570755768e-09,1.3991494464440243e-09,-2.8534487398968922e-08,47456198.87408081,-56178434.99972879,-5460857.16106,1.8151507291046628e-09,-4.37540244882183e-10,1.9505061162938938e-08,46785510.89837081,-55764372.62418879,-6826071.41947,2.3479044902193626e-09,-1.5508867425752955e-09,2.7199526971221665e-08,48126886.849790804,-56592497.375268795,-6826071.41947,5.394571626441212e-10,-4.829050696662001e-10,7.362704275428156e-09
35,47235494.94949495,-56566757.57575758,-6371000.0,1.5241159615476308e-09,-5.833893570714293e-10,1.8708083823006647e-08,50582321.34778495,-51145651.249837585,0.0,2.368956706842926e-09,-2.441603125868269e-12,2.9396601550917386e-08,45887505.51781495,-48247214.55734758,-9556500.0,4.737005327266594e-09,-8.641715553492823e-09,4.422504228780132e-08,55277137.177754946,-54044087.878617585,-9556500.0,-1.7681644919950543e-09,1.4031823569724665e-09,-2.8573755008010274e-08,47713613.01549495,-55792313.78760758,-5460857.16106,1.9285549327690807e-09,-4.856464508014887e-10,1.9153769469793953e-08,47042925.03978495,-55378251.41206758,-6826071.41947,2.652405079649847e-09,-1.421339770143725e-09,2.8015229999102546e-08,48384300.99120495,-56206376.16314758,-6826071.41947,6.746934201979034e-10,-4.738882427158677e-10,7.151367542969108e-09
36,47492909.09090909,-56180636.36363636,-6371000.0,1.6210524652536496e-09,-6.801104918163802e-10,1.8178805547639776e-08,50839735.489199094,-50759530.03771637,0.0,2.3690439246255402e-09,-3.638117222385059e-11,2.8514984028685078e-08,46144919.65922909,-47861093.34522636,-9556500.0,4.864709025003379e-09,-8.607516279753088e-09,4.447150620190669e-08,55534551.31916909,-53657966.666496366,-9556500.0,-1.670201997070374e-09,1.4465007111090562e-09,-2.8727169938834726e-08,47971027.15690909,-55406192.57548636,-5460857.16106,2.0656249257666137e-09,-4.774428538074835e-10,1.902710708437297e-08,47300339.181199096,-54992130.19994636,-6826071.41947,2.772389985817619e-09,-1.4484854978379176e-09,2.7693609096898816e-08,48641715.13261909,-55820254.951026365,-6826071.41947,8.308416647955629e-10,-4.037338975230361e-10,7.118057993688654e-09
37,47750323.23232323,-55794515.15151515,-6371000.0,1.7398188900999508e-09,-7.173033467618938e-10,1.784308849696661e-08,51097149.63061323,-50373408.825595155,0.0,2.412940606189793e-09,-2.64165541327317e-11,2.8130330920871652e-08,46402333.80064323,-47474972.13310515,-9556500.0,4.987298452642039e-09,-8.580969695288604e-09,4.47184580039576e-08,55791965.460583225,-53271845.454375155,-9556500.0,-1.6085571939638418e-09,1.477129410223942e-09,-2.866662767282109e-08,48228441.29832323,-55020071.36336515,-5460857.16106,2.2263607080972524e-09,-4.129294539001671e-10,1.9125074006675944e-08,47557753.32261323,-54606008.98782515,-6826071.41947,2.751746642303856e-09,-1.5823981542914865e-09,2.6946971104443408e-08,48899129.274033226,-55434133.738905154,-6826071.41947,1.007901896437091e-09,-2.724420340877084e-10,7.2627756275867595e-09
38,48007737.37373737,-55408393.93939394,-6371000.0,1.880415236086528e-09,-6.949679219079667e-10,1.7700932670987028e-08,51354563.77202737,-49987287.613473944,0.0,2.480645023290186e-09,-4.168730628764309e-11,2.7969688138482857e-08,46659747.94205737,-47088850.92098394,-9556500.0,5.104773610182572e-09,-8.562075800099366e-09,4.496589769395406e-08,56049379.60199737,-52885724.242253944,-9556500.0,-1.5475781022527077e-09,1.545973569219572e-09,-2.87527569056388e-08,48485855.43973737,-54633950.15124394,-5460857.16106,2.359643573348185e-09,-4.179130925378326e-10,1.9210861949149808e-08,47815167.464027375,-54219887.77570394,-6826071.41947,2.8219000386480326e-09,-1.6480479973313912e-09,2.6644759161321518e-08,49156543.41544737,-55048012.52678394,-6826071.41947,1.1599791852275222e-09,-2.434739334428627e-10,7.111319279710545e-09
39,48265151.515151516,-55022272.72727273,-6371000.0,2.042841503213388e-09,-6.131042172546021e-10,1.775233806970111e-08,51611977.91344152,-49601166.40135273,0.0,2.5632608382020416e-09,-8.595441185993044e-11,2.7953318163245243e-08,46917162.083471514,-46702729.70886273,-9556500.0,5.230616293306033e-09,-8.54072785531868e-09,4.521541113468549e-08,56306793.74341151,-52499603.03013273,-9556500.0,-1.4820150928078659e-09,1.6576182151284534e-09,-2.9048122236753913e-08,48743269.581151515,-54247828.93912273,-5460857.16106,2.5660320724418554e-09,-3.7409727274466935e-10,1.9743871075779197e-08,48072581.60544152,-53833766.563582726,-6826071.41947,2.9828501748501545e-09,-1.6454350269576362e-09,2.6786973267533247e-08,49413957.55686151,-54661891.31466273,-6826071.41947,1.2358645925590428e-09,-3.4515854802359433e-10,6.5647679951383585e-09
40,48522565.65656566,-54636151.515151516,-6371000.0,2.189130854493051e-09,-6.12788293946336e-10,1.784768795654904e-08,51869392.05485566,-49215045.18923152,0.0,2.6310152646773956e-09,-1.8695984928139827e-10,2.7207516747444004e-08,47174576.22488566,-46316608.49674152,-9556500.0,5.374260304513184e-09,-8.512077031719774e-09,4.539384867811974e-08,56564207.884825654,-52113481.81801152,-9556500.0,-1.405120745762539e-09,1.7584064146924908e-09,-2.9268632105092298e-08,49000683.72256566,-53861707.72700152,-5460857.16106,2.8490666693884333e-09,-2.752587314418998e-10,2.0739072776716475e-08,48329995.74685566,-53447645.351461515,-6826071.41947,3.2345970509102224e-09,-1.5745592431702228e-09,2.737361342307858e-08,49671371.698275656,-54275770.10254152,-6826071.41947,1.3504989847035194e-09,-4.359216161695171e-10,6.2315675463867645e-09
41,48779979.7979798,-54250030.303030305,-6371000.0,2.4175354237979404e-09,-5.571701925655019e-10,1.8378213101134784e-08,52126806.1962698,-48828923.97711031,0.0,2.7401425846370016e-09,-2.517687101963773e-10,2.7221450658523496e-08,47431990.3662998,-45930487.28462031,-9556500.0,5.520043580170279e-09,-8.486670526193841e-09,4.553959168602946e-08,56821622.0262398,-51727360.60589031,-9556500.0,-1.3363949036487118e-09,1.8432079994892783e-09,-2.9405977755504504e-08,49258097.8639798,-53475586.51488031,-5460857.16106,2.9354229585458948e-09,-3.7094175747528476e-10,2.0413853477677315e-08,48587409.888269804,-53061524.139340304,-6826071.41947,3.5771406668282357e-09,-1.4354206459691501e-09,2.8404679627957526e-08,49928785.8396898,-53889648.89042031,-6826071.41947,1.4703786488129727e-09,-4.607496099302103e-10,5.992822388238752e-09
42,49037393.93939394,-53863909.09090909,-6371000.0,2.6978415527387523e-09,-4.74894018379785e-10,1.9136888991053243e-08,52384220.33768394,-48442802.7649891,0.0,2.8859315452758316e-09,-2.744414509591074e-10,2.808123623210757e-08,47689404.507713936,-45544366.0724991,-9556500.0,5.6593024138291786e-09,-8.467708757953983e-09,4.56834834448941e-08,57079036.16765393,-51341239.3937691,-9556500.0,-1.2773791367409174e-09,1.9289205581548856e-09,-2.9705623212434887e-08,49515512.00539394,-53089465.302759096,-5460857.16106,3.0778005281655743e-09,-3.783151403894939e-10,2.0389389866755444e-08,48844824.02968394,-52675402.92721909,-6826071.41947,3.778891214225215e-09,-1.4396122395835967e-09,2.8984273494938134e-08,50186199.981103934,-53503527.6782991,-6826071.41947,1.6102757724016475e-09,-3.984062502078221e-10,5.881385058766801e-09
43,49294808.08080808,-53477787.878787875,-6371000.0,2.8234542192724694e-09,-5.56763609343925e-10,1.8827606260832373e-08,52641634.47909808,-48056681.55286788,0.0,2.942177078753761e-09,-4.2094915058228357e-10,2.8161820757862536e-08,47946818.64912808,-45158244.86037788,-9556500.0,5.792036805489885e-09,-8.455191727000196e-09,4.5825523954713685e-08,57336450.30906808,-50955118.18164788,-9556500.0,-1.2272220404302636e-09,2.0096988388656297e-09,-3.0132335661592466e-08,49772926.14680808,-52703344.09063788,-5460857.16106,3.3404663328423664e-09,-2.5971847581396065e-10,2.1063288134236932e-08,49102238.17109808,-52289281.715097874,-6826071.41947,3.9146424826905575e-09,-1.5335347790636028e-09,2.9215951039937417e-08,50443614.12251808,-53117406.46617788,-6826071.41947,1.8462388983129549e-09,-2.3951093741629146e-10,6.352337466143042e-09
44,49552222.222222224,-53091666.66666667,-6371000.0,2.996119561734922e-09,-5.478595538577886e-10,1.880428955589328e-08,52899048.620512225,-47670560.34074668,0.0,3.0197573195037206e-09,-5.484037504875838e-10,2.8430094738325017e-08,48204232.79054222,-44772123.648256674,-9556500.0,5.920752974128452e-09,-8.4469135379761e-09,4.598061305791042e-08,57593864.45048222,-50568996.96952668,-9556500.0,-1.1735987067574634e-09,2.0953088440207567e-09,-3.062386856190454e-08,50030340.28822222,-52317222.878516674,-5460857.16106,3.4675101135198624e-09,-3.3606523879595544e-10,2.097865406038409e-08,49359652.31251223,-51903160.50297667,-6826071.41947,4.009114555380587e-09,-1.6599384292753674e-09,2.891309344119655e-08,50701028.26393222,-52731285.25405668,-6826071.41947,2.0345046758607623e-09,-2.487280906877342e-10,6.485407606892698e-09
45,49809636.36363636,-52705545.45454545,-6371000.0,3.2644622598853816e-09,-4.098096409589772e-10,1.944656976033625e-08,53156462.76192636,-47284439.12862546,0.0,3.0975907433965693e-09,-6.638645867837667e-10,2.888899277255985e-08,48461646.93195636,-44386002.436135456,-9556500.0,6.045504101138666e-09,-8.438381159043267e-09,4.614120575394124e-08,57851278.591896355,-50182875.75740546,-9556500.0,-1.1529151358722244e-09,2.107709142237339e-09,-3.08451180246323e-08,50287754.42963636,-51931101.666395456,-5460857.16106,3.730958981100353e-09,-3.401570944216869e-10,2.1528127011260165e-08,49617066.45392636,-51517039.29085545,-6826071.41947,4.18007528275055e-09,-1.7270831812271374e-09,2.8940653888402433e-08,50958442.40534636,-52345164.04193546,-6826071.41947,2.178182205471317e-09,-3.2720603543189774e-10,6.213142709191246e-09
46,50067050.5050505,-52319424.24242424,-6371000.0,3.4029561412204043e-09,-4.908269685992025e-10,1.936923360120793e-08,53413876.9033405,-46898317.91650425,0.0,3.1633853650831905e-09,-8.121297579301459e-10,2.9760042553702787e-08,48719061.0733705,-43999881.224014245,-9556500.0,6.164760865023017e-09,-8.429794731212047e-09,4.629618394991614e-08,58108692.7333105,-49796754.54528425,-9556500.0,-1.1358826196148375e-09,2.1392050209339943e-09,-3.1255958956373544e-08,50545168.5710505,-51544980.454274245,-5460857.16106,4.1166971746610276e-09,-2.8510288814900515e-10,2.263118487650325e-08,49874480.595340505,-51130918.07873424,-6826071.41947,4.446402711988056e-09,-1.7424791521812078e-09,2.951889033484002e-08,51215856.5467605,-51959042.82981425,-6826071.41947,2.359788269740689e-09,-3.594499618995921e-10,5.948906533267329e-09
47,50324464.646464646,-51933303.03030303,-6371000.0,3.683602769047737e-09,-4.810625358295514e-10,1.9880827610622143e-08,53671291.04475465,-46512196.70438304,0.0,3.2303000081129886e-09,-9.874671284090084e-10,3.057382925935978e-08,48976475.214784645,-43613760.011893034,-9556500.0,6.278523265781507e-09,-8.421154254482447e-09,4.644554764583513e-08,58366106.87472464,-49410633.33316304,-9556500.0,-1.1256002566646207e-09,2.1922114832815266e-09,-3.182200421141825e-08,50802582.712464646,-51158859.24215303,-5460857.16106,4.128288063337601e-09,-4.722309804181218e-10,2.1843530705762366e-08,50131894.73675465,-50744796.86661303,-6826071.41947,4.756368971035095e-09,-1.7928725043634542e-09,3.0526736946595676e-08,51473270.68817464,-51572921.61769304,-6826071.41947,2.5679535162144414e-09,-2.500483883989461e-10,5.756872841460212e-09
48,50581878.78787879,-51547181.81818181,-6371000.0,4.0454485692985975e-09,-4.250516790134708e-10,2.0614686122764233e-08,53928705.18616879,-46126075.49226182,0.0,3.1810120380022806e-09,-1.1848973343083502e-09,3.022186862097493e-08,49233889.35619879,-43227638.799771816,-9556500.0,6.404475430729559e-09,-8.436781017530678e-09,4.6545149342695636e-08,58623521.016138785,-49024512.12104182,-9556500.0,-1.1321410381007136e-09,2.214945448640051e-09,-3.208168431414549e-08,51059996.85387879,-50772738.030031815,-5460857.16106,4.254019640089719e-09,-5.214528181835133e-10,2.1461867533929102e-08,50389308.87816879,-50358675.65449181,-6826071.41947,4.958254979836373e-09,-1.8910057949665116e-09,3.1089800566553794e-08,51730684.829588786,-51186800.40557182,-6826071.41947,2.7874944094546355e-09,-3.283081900457257e-10,5.687027663077077e-09
49,50839292.92929293,-51161060.60606061,-6371000.0,4.077449903935988e-09,-6.024970507889312e-10,1.995545420763046e-08,54186119.32758293,-45739954.280140616,0.0,3.148401163585267e-09,-1.3567473509944178e-09,3.067186943057726e-08,49491303.49761293,-42841517.58765061,-9556500.0,6.508352560661747e-09,-8.478970311978953e-09,4.6681362712024626e-08,58880935.15755293,-48638390.908920616,-9556500.0,-1.1277511201619262e-09,2.219772440040251e-09,-3.2334768494964156e-08,51317410.99529293,-50386616.81791061,-5460857.16106,4.465869600919208e-09,-4.740485119718934e-10,2.1398309731323853e-08,50646723.019582935,-49972554.44237061,-6826071.41947,5.016536510868365e-09,-2.033151472629026e-09,3.086875800337769e-08,51988098.97100293,-50800679.193450615,-6826071.41947,3.0143056303390025e-09,-3.592129732084311e-10,5.514440757270648e-09
50,51096707.07070707,-50774939.39393939,-6371000.0,4.221709859505323e-09,-6.335012245131067e-10,1.963212897435346e-08,54443533.46899707,-45353833.0680194,0.0,3.0960323728807104e-09,-1.5056425315296374e-09,3.142426063240738e-08,49748717.63902707,-42455396.37552939,-9556500.0,6.592695640882702e-09,-8.508880057067207e-09,4.682022999179746e-08,59138349.29896706,-48252269.6967994,-9556500.0,-1.162531110833841e-09,2.2164021883207484e-09,-3.258808674970244e-08,51574825.13670707,-50000495.60578939,-5460857.16106,4.633880565623188e-09,-5.471396629474065e-10,2.1238804662914292e-08,50904137.16099707,-49586433.23024939,-6826071.41947,5.123035757161884e-09,-2.088479165418898e-09,3.048443584406308e-08,52245513.112417065,-50414557.9813294,-6826071.41947,3.2324095038940332e-09,-3.276203096785365e-10,5.24567740830756e-09
51,51354121.21212121,-50388818.18181819,-6371000.0,4.44990769337728e-09,-5.613339139440968e-10,1.9574815007982765e-08,54700947.61041121,-44967711.855898194,0.0,2.9810132843740334e-09,-1.6480836248296788e-09,3.0805381246466625e-08,50006131.78044121,-42069275.16340819,-9556500.0,6.663614332571858e-09,-8.539266372853722e-09,4.6963682341737594e-08,59395763.44038121,-47866148.484678194,-9556500.0,-1.1953962305479546e-09,2.2271927335699833e-09,-3.2919303622782145e-08,51832239.27812121,-49614374.39366819,-5460857.16106,4.769063785409547e-09,-6.508318036709533e-10,2.0880787908675927e-08,51161551.30241121,-49200312.01812819,-6826071.41947,5.225595205277905e-09,-2.1703120203795746e-09,3.0168861705158657e-08,52502927.25383121,-50028436.76920819,-6826071.41947,3.4376192439888397e-09,-2.8200454531658274e-10,5.14137216960108e-09
52,51611535.353535354,-50002696.96969697,-6371000.0,4.602198003926288e-09,-6.517790597234348e-10,1.9358706937882065e-08,54958361.751825355,-44581590.643776976,0.0,2.891096984080069e-09,-1.7515559377705493e-09,3.0510399337441956e-08,50263545.92185535,-41683153.95128697,-9556500.0,6.71667591163637e-09,-8.570865707894524e-09,4.7113236381463884e-08,59653177.58179535,-47480027.272556975,-9556500.0,-1.1972359070143446e-09,2.221953303672567e-09,-3.314386004579352e-08,52089653.419535354,-49228253.18154697,-5460857.16106,4.902318599842583e-09,-7.607939458788877e-10,2.0614560770504776e-08,51418965.44382536,-48814190.80600697,-6826071.41947,5.393263696740105e-09,-2.298830423603929e-09,3.037288625647817e-08,52760341.39524535,-49642315.557086974,-6826071.41947,3.6791233435841107e-09,-2.9670747944365346e-10,5.312167454343544e-09
53,51868949.4949495,-49616575.75757576,-6371000.0,4.747467899440618e-09,-7.321030050135535e-10,1.9069614498744094e-08,55215775.8932395,-44195469.431655765,0.0,2.8026605773267975e-09,-1.8103710676518049e-09,3.0099678817442865e-08,50520960.063269496,-41297032.73916576,-9556500.0,6.742567541992752e-09,-8.594624945699692e-09,4.727989527307308e-08,59910591.72320949,-47093906.060435764,-9556500.0,-1.252912731041308e-09,2.1762418075750376e-09,-3.309535610543753e-08,52347067.5609495,-48842131.96942576,-5460857.16106,5.1465534697146005e-09,-8.188047526529827e-10,2.0813167820906136e-08,51676379.5852395,-48428069.59388576,-6826071.41947,5.510432507372264e-09,-2.4478564968911446e-09,3.029543016928129e-08,53017755.536659494,-49256194.34496576,-6826071.41947,3.874031547007747e-09,-3.7989483057357053e-10,5.351693266314069e-09
54,52126363.63636363,-49230454.54545455,-6371000.0,4.882575780297987e-09,-8.278337603474467e-10,1.883369606650631e-08,55473190.034653634,-43809348.21953455,0.0,2.682462946842157e-09,-1.8962959542224205e-09,3.0003122459979164e-08,50778374.20468363,-40910911.52704455,-9556500.0,6.736383541081116e-09,-8.641089041090246e-09,4.7501925222992696e-08,60168005.86462363,-46707784.84831455,-9556500.0,-1.2833368228457393e-09,2.1683794263515045e-09,-3.329204287298835e-08,52604481.70236363,-48456010.75730455,-5460857.16106,5.409798734149391e-09,-8.714856741062774e-10,2.1211425629898874e-08,51933793.726653636,-48041948.381764546,-6826071.41947,5.510231177708562e-09,-2.6308882428928096e-09,2.983970205906097e-08,53275169.67807363,-48870073.13284455,-6826071.41947,4.063865933152014e-09,-3.987700659119555e-10,5.464623208246898e-09
55,52383777.777777776,-48844333.33333333,-6371000.0,5.127822362327008e-09,-8.651474772857696e-10,1.898633212833825e-08,55730604.17606778,-43423227.007413335,0.0,2.6361445072172755e-09,-1.9438599041354406e-09,2.9005179739385616e-08,51035788.346097775,-40524790.31492333,-9556500.0,6.7158280007018836e-09,-8.678640276827978e-09,4.773143696403161e-08,60425420.00603777,-46321663.636193335,-9556500.0,-1.32399249931878e-09,2.169037890024829e-09,-3.359643353302617e-08,52861895.843777776,-48069889.54518333,-5460857.16106,5.40198169743925e-09,-1.1472820609445992e-09,2.1034430611530113e-08,52191207.86806778,-47655827.16964333,-6826071.41947,5.621225442985694e-09,-2.8137275181342173e-09,3.002561095627625e-08,53532583.81948777,-48483951.920723334,-6826071.41947,4.26992024328265e-09,-3.000265093716206e-10,5.6621595821485566e-09
56,52641191.91919192,-48458212.121212125,-6371000.0,5.363134768550358e-09,-9.247780230204819e-10,1.9235321698630862e-08,55988018.31748192,-43037105.79529213,0.0,2.594738312675292e-09,-1.959468972906912e-09,2.783974462205109e-08,51293202.48751192,-40138669.10280213,-9556500.0,6.7131573410871e-09,-8.689730665689933e-09,4.7975970160133646e-08,60682834.147451915,-45935542.42407213,-9556500.0,-1.3527948243132992e-09,2.1113318990194342e-09,-3.352507845374318e-08,53119309.98519192,-47683768.33306213,-5460857.16106,5.556485759042589e-09,-1.2678547337891282e-09,2.1325821587128062e-08,52448622.00948192,-47269705.957522124,-6826071.41947,5.733793642319124e-09,-3.0371084308791576e-09,3.0481851359707956e-08,53789997.960901916,-48097830.70860213,-6826071.41947,4.412209084649455e-09,-5.146027522127705e-10,6.09080706374324e-09
57,52898606.06060606,-48072090.90909091,-6371000.0,5.362557559327716e-09,-1.200402829205411e-09,1.911466383210194e-08,56245432.45889606,-42650984.58317091,0.0,2.50766875402273e-09,-1.99953648079045e-09,2.7081782066447307e-08,51550616.62892606,-39752547.89068091,-9556500.0,6.704046830163376e-09,-8.692726435141719e-09,4.8209640961853693e-08,60940248.28886606,-45549421.21195091,-9556500.0,-1.344701949175996e-09,2.0619642872676215e-09,-3.354791368730338e-08,53376724.12660606,-47297647.12094091,-5460857.16106,5.721202626105867e-09,-1.3854651990337282e-09,2.1818024883825264e-08,52706036.150896065,-46883584.745400906,-6826071.41947,5.718011577925874e-09,-3.2861713269495316e-09,3.0475856067527506e-08,54047412.10231606,-47711709.49648091,-6826071.41947,4.55084971930387e-09,-5.905924600283789e-10,6.414440978908739e-09
58,53156020.2020202,-47685969.696969695,-6371000.0,5.525883391654592e-09,-1.3071296168656323e-09,1.93759781328838e-08,56502846.6003102,-42264863.3710497,0.0,2.379939514178536e-09,-2.0333147358720216e-09,2.6432973185071273e-08,51808030.7703402,-39366426.6785597,-9556500.0,6.684985965781993e-09,-8.697479760852692e-09,4.8428292349901246e-08,61197662.43028019,-45163299.9998297,-9556500.0,-1.3811251974927358e-09,2.0028197176504306e-09,-3.360507603937724e-08,53634138.2680202,-46911525.9088197,-5460857.16106,5.7543451567361385e-09,-1.6487975572631336e-09,2.2250812503511587e-08,52963450.2923102,-46497463.533279695,-6826071.41947,5.7760057103840475e-09,-3.4841468745858903e-09,3.07813365163116e-08,54304826.243730195,-47325588.2843597,-6826071.41947,4.643171240963141e-09,-6.416242711440781e-10,6.699685775305761e-09
59,53413434.34343434,-47299848.484848484,-6371000.0,5.700134553907269e-09,-1.404094665670463e-09,1.982981479371512e-08,56760260.74172434,-41878742.15892849,0.0,2.3523683944947347e-09,-1.984205982839723e-09,2.4592603328263532e-08,52065444.91175434,-38980305.46643849,-9556500.0,6.66649449709334e-09,-8.68671816778608e-09,4.864618424207391e-08,61455076.57169434,-44777178.78770849,-9556500.0,-1.4113258006236671e-09,1.978340153899321e-09,-3.385254048639753e-08,53891552.40943434,-46525404.69669849,-5460857.16106,5.811162708575849e-09,-1.8328748865846366e-09,2.267448434116211e-08,53220864.433724344,-46111342.32115848,-6826071.41947,5.790673446256544e-09,-3.6690727511565107e-09,3.090239145143474e-08,54562240.38514434,-46939467.07223849,-6826071.41947,4.74301711228275e-09,-7.121631883219881e-10,7.188183302982355e-09
60,53670848.484848484,-46913727.27272727,-6371000.0,5.702368358542588e-09,-1.67298278346509e-09,2.0171267256522848e-08,57017674.883138485,-41492620.94680728,0.0,2.2814265219323037e-09,-1.9398963314589273e-09,2.2975645616376554e-08,52322859.05316848,-38594184.254317276,-9556500.0,6.6369997977632615e-09,-8.67005595597129e-09,4.886184205278971e-08,61712490.71310848,-44391057.57558728,-9556500.0,-1.4028223371704143e-09,1.9067629650077954e-09,-3.3650116149259544e-08,54148966.550848484,-46139283.484577276,-5460857.16106,5.760879619060493e-09,-2.0420840908009737e-09,2.2833534327864555e-08,53478278.57513849,-45725221.10903727,-6826071.41947,5.817653302704633e-09,-3.935866948553697e-09,3.162883051912908e-08,54819654.52655848,-46553345.86011728,-6826071.41947,4.784520525915526e-09,-8.235796640100089e-10,7.696681672924122e-09
61,53928262.62626263,-46527606.06060606,-6371000.0,5.756297262850863e-09,-1.8294687358465233e-09,2.0546427961102902e-08,57275089.02455263,-41106499.73468607,0.0,2.2190817770924538e-09,-1.8770717088777074e-09,2.1478429408627034e-08,52580273.194582626,-38208063.042196065,-9556500.0,6.63876440075131e-09,-8.641801809399664e-09,4.906654464989412e-08,61969904.85452262,-44004936.36346607,-9556500.0,-1.4065696362658384e-09,1.8314181113519816e-09,-3.344565218344953e-08,54406380.69226263,-45753162.272456065,-5460857.16106,5.798057114230653e-09,-2.1951158931876293e-09,2.344263045231676e-08,53735692.71655263,-45339099.89691606,-6826071.41947,5.7432291564431794e-09,-4.10109480413739e-09,3.157832110106641e-08,55077068.667972624,-46167224.64799607,-6826071.41947,4.70576630854452e-09,-1.0233094091787628e-09,8.006251164483473e-09
62,54185676.76767677,-46141484.848484844,-6371000.0,5.70686828214329e-09,-2.0249492205525177e-09,2.0727682396013535e-08,57532503.16596677,-40720378.52256485,0.0,2.1037622327026666e-09,-1.8630127725859646e-09,2.0217551458346503e-08,52837687.33599677,-37821941.83007485,-9556500.0,6.6393781999745995e-09,-8.615231139729462e-09,4.925084644728798e-08,62227318.995936766,-43618815.15134485,-9556500.0,-1.399163496260873e-09,1.7957525077056545e-09,-3.350064083668396e-08,54663794.83367677,-45367041.06033485,-5460857.16106,5.729956040676792e-09,-2.383868924850392e-09,2.3721029309538324e-08,53993106.85796677,-44952978.68479484,-6826071.41947,5.658046850316147e-09,-4.222503138705498e-09,3.144456723720224e-08,55334482.80938677,-45781103.43587485,-6826071.41947,4.702527003464387e-09,-1.0748953499672766e-09,8.304113118854114e-09
63,54443090.90909091,-45755363.63636364,-6371000.0,5.741387801755905e-09,-2.1589956503594256e-09,2.1295109399619194e-08,57789917.30738091,-40334257.31044365,0.0,2.1444314480814975e-09,-1.7539773158169522e-09,1.806843354662452e-08,53095101.477410905,-37435820.61795364,-9556500.0,6.628354267769548e-09,-8.578222481708531e-09,4.941503003498548e-08,62484733.1373509,-43232693.93922365,-9556500.0,-1.420025655939774e-09,1.7835629800168642e-09,-3.3670647641372396e-08,54921208.975090906,-44980919.84821364,-5460857.16106,5.548581745700341e-09,-2.585006952135183e-09,2.3504576918824106e-08,54250520.99938091,-44566857.47267364,-6826071.41947,5.6063208046980976e-09,-4.38068946546778e-09,3.18255898260122e-08,55591896.9508009,-45394982.223753646,-6826071.41947,4.696122277374012e-09,-1.104499343117435e-09,8.56532333644575e-09
64,54700505.05050505,-45369242.42424242,-6371000.0,5.645298477571558e-09,-2.3487106050609313e-09,2.1506662426967805e-08,58047331.44879505,-39948136.09832243,0.0,2.169356389886609e-09,-1.6663902260071076e-09,1.5936424792652735e-08,53352515.61882505,-37049699.405832425,-9556500.0,6.615679539501413e-09,-8.522654955195205e-09,4.9565536904557634e-08,62742147.278765045,-42846572.72710243,-9556500.0,-1.4258337197970933e-09,1.6861734327963975e-09,-3.316306001478069e-08,55178623.11650505,-44594798.636092424,-5460857.16106,5.473562533528628e-09,-2.6870104549942075e-09,2.3619648279924625e-08,54507935.14079505,-44180736.26055242,-6826071.41947,5.519856470907127e-09,-4.5160469205056574e-09,3.2097211351466055e-08,55849311.09221505,-45008861.01163243,-6826071.41947,4.546223924612877e-09,-1.327541438708236e-09,8.645493568541991e-09
65,54957919.19191919,-44983121.21212121,-6371000.0,5.4810684344606056e-09,-2.532947480531397e-09,2.1380072096526465e-08,58304745.59020919,-39562014.88620122,0.0,2.1076155349989576e-09,-1.6466692623272014e-09,1.3960993579260163e-08,53609929.76023919,-36663578.193711214,-9556500.0,6.5918388426528845e-09,-8.464752939939052e-09,4.971256825907212e-08,62999561.42017919,-42460451.51498122,-9556500.0,-1.4040483135083702e-09,1.6279819644238012e-09,-3.2799199000289826e-08,55436037.25791919,-44208677.42397121,-5460857.16106,5.357532732671388e-09,-2.758432037590907e-09,2.360641763262108e-08,54765349.282209195,-43794615.04843121,-6826071.41947,5.362665003262118e-09,-4.5896432008285956e-09,3.169551405664201e-08,56106725.23362919,-44622739.79951122,-6826071.41947,4.47450079375073e-09,-1.4019592135276678e-09,8.617365629722678e-09
66,55215333.33333333,-44597000.0,-6371000.0,5.427218361722975e-09,-2.614673931672218e-09,2.151412808078695e-08,58562159.73162333,-39175893.67408001,0.0,2.0884947242307766e-09,-1.6215762560266183e-09,1.2289825597963081e-08,53867343.90165333,-36277456.98159,-9556500.0,6.577735242726745e-09,-8.406536685243194e-09,4.982537706131209e-08,63256975.561593324,-42074330.30286001,-9556500.0,-1.4329632491370928e-09,1.6191253726349526e-09,-3.2591957338584236e-08,55693451.39933333,-43822556.21185,-5460857.16106,5.142797795878711e-09,-2.8965492770320284e-09,2.326026911043804e-08,55022763.42362333,-43408493.83631,-6826071.41947,5.248151259917817e-09,-4.628016796885715e-09,3.1507781030725895e-08,56364139.375043325,-44236618.587390006,-6826071.41947,4.370856832681149e-09,-1.4455568052840181e-09,8.351813290789122e-09
67,55472747.47474748,-44210878.78787878,-6371000.0,5.34281078437128e-09,-2.6654752092036142e-09,2.154818746349133e-08,58819573.87303748,-38789772.46195879,0.0,2.126347637944065e-09,-1.5756476393360315e-09,1.0365036782883311e-08,54124758.04306748,-35891335.769468784,-9556500.0,6.570137295327719e-09,-8.335036009616848e-09,4.991435406702462e-08,63514389.703007475,-41688209.09073879,-9556500.0,-1.4595179833628685e-09,1.6505839572959488e-09,-3.257720193354517e-08,55950865.54074748,-43436434.999728784,-5460857.16106,4.971180131782236e-09,-2.9533016305563916e-09,2.2789059997043034e-08,55280177.56503748,-43022372.62418878,-6826071.41947,5.118490342562226e-09,-4.661848612061046e-09,3.122523494778022e-08,56621553.516457476,-43850497.37526879,-6826071.41947,4.219644037469556e-09,-1.5112553219577523e-09,7.919252628370416e-09
68,55730161.616161615,-43824757.57575758,-6371000.0,5.1326447733199755e-09,-2.8129456207837865e-09,2.1207760324977055e-08,59076988.014451616,-38403651.249837585,0.0,2.14845029552237e-09,-1.5525074730193965e-09,8.372723020470769e-09,54382172.18448161,-35505214.55734758,-9556500.0,6.5526308486460424e-09,-8.254001836616082e-09,4.999516914135611e-08,63771803.84442161,-41302087.878617585,-9556500.0,-1.4725601691267147e-09,1.5654093511853106e-09,-3.196761090603018e-08,56208279.682161614,-43050313.78760758,-5460857.16106,4.779125458517259e-09,-2.9629582637565762e-09,2.2086369817052076e-08,55537591.70645162,-42636251.41206758,-6826071.41947,4.975622817895089e-09,-4.789843705342507e-09,3.123692954473608e-08,56878967.65787161,-43464376.16314758,-6826071.41947,4.009681988521502e-09,-1.569087972945379e-09,7.1593794628578e-09
69,55987575.75757576,-43438636.36363636,-6371000.0,4.981677340273889e-09,-2.8757492977509996e-09,2.0794306843998365e-08,59334402.15586576,-38017530.03771637,0.0,2.1641717267696397e-09,-1.5557884942957211e-09,6.656719518609509e-09,54639586.32589576,-35119093.34522636,-9556500.0,6.5446183447761625e-09,-8.156502050672593e-09,5.00707253565117e-08,64029217.98583575,-40915966.666496366,-9556500.0,-1.4556496618619327e-09,1.5183355053307549e-09,-3.1428955983132446e-08,56465693.82357576,-42664192.57548636,-5460857.16106,4.638671062936618e-09,-2.9365427031330147e-09,2.1621359568489836e-08,55795005.84786576,-42250130.19994636,-6826071.41947,4.789217982781181e-09,-4.7647167437272585e-09,3.026683559279733e-08,57136381.799285755,-43078254.951026365,-6826071.41947,3.744864045722992e-09,-1.614870710697386e-09,5.9996044629878966e-09
70,56244989.8989899,-43052515.151515156,-6371000.0,4.805958229914939e-09,-2.9026805162511926e-09,2.01227740200028e-08,59591816.2972799,-37631408.82559516,0.0,2.1062998512315996e-09,-1.6291551212420857e-09,5.1891844353956244e-09,54897000.4673099,-34732972.13310516,-9556500.0,6.525918824189412e-09,-8.061627627685796e-09,5.01438221721044e-08,64286632.1272499,-40529845.45437516,-9556500.0,-1.4012152840357967e-09,1.5207340324089596e-09,-3.101010714647958e-08,56723107.9649899,-42278071.36336516,-5460857.16106,4.390640323017296e-09,-2.950797704263603e-09,2.033870346884724e-08,56052419.9892799,-41864008.987825155,-6826071.41947,4.612608866704942e-09,-4.7363559667780786e-09,2.9380815141895132e-08,57393795.9406999,-42692133.73890516,-6826071.41947,3.5597389361186777e-09,-1.5444247913453013e-09,4.696462516175107e-09
71,56502404.04040404,-42666393.93939394,-6371000.0,4.690042630267127e-09,-2.8713325922656915e-09,1.964707203030607e-08,59849230.43869404,-37245287.613473944,0.0,2.0978240511067322e-09,-1.6578777707514405e-09,3.8611496940537745e-09,55154414.608724035,-34346850.92098394,-9556500.0,6.508718924366732e-09,-7.96544807465193e-09,5.0219879835349e-08,64544046.26866403,-40143724.242253944,-9556500.0,-1.4062834123069349e-09,1.5459635258476817e-09,-3.072624024173722e-08,56980522.10640404,-41891950.15124394,-5460857.16106,4.160482021754557e-09,-2.923711878820831e-09,1.883578945167379e-08,56309834.13069404,-41477887.77570394,-6826071.41947,4.44755870425474e-09,-4.7507902783468914e-09,2.8754261904659988e-08,57651210.08211403,-42306012.52678394,-6826071.41947,3.3108056564823948e-09,-1.5057775466725012e-09,3.1574814750984066e-09
72,56759818.18181819,-42280272.72727273,-6371000.0,4.403713261382671e-09,-2.9190579478042423e-09,1.82672092156817e-08,60106644.58010819,-36859166.40135273,0.0,2.0658420375051877e-09,-1.6736265787394134e-09,2.2659297062643957e-09,55411828.750138186,-33960729.70886273,-9556500.0,6.502893415284652e-09,-7.856472900874904e-09,5.029381287342694e-08,64801460.41007818,-39757603.03013273,-9556500.0,-1.4249428778128547e-09,1.4941817723207542e-09,-3.0233679200171314e-08,57237936.24781819,-41505828.93912273,-5460857.16106,3.994691333202136e-09,-2.827845099138218e-09,1.740909621729923e-08,56567248.27210819,-41091766.563582726,-6826071.41947,4.2699764980757855e-09,-4.739166478197593e-09,2.785046990883419e-08,57908624.223528184,-41919891.31466273,-6826071.41947,3.0082626842766496e-09,-1.4813889741367422e-09,1.2999938767319563e-09
73,57017232.32323232,-41894151.515151516,-6371000.0,4.156191854104854e-09,-2.9108901652338583e-09,1.6758472553636684e-08,60364058.721522324,-36473045.18923152,0.0,1.9940149349142635e-09,-1.7026538313331333e-09,3.6354617631349433e-10,55669242.89155232,-33574608.49674152,-9556500.0,6.490308776270997e-09,-7.73952605962777e-09,5.034037434488336e-08,65058874.55149232,-39371481.81801152,-9556500.0,-1.3877409778371064e-09,1.4415614650949996e-09,-2.9658282559127395e-08,57495350.38923232,-41119707.72700152,-5460857.16106,3.827877720866939e-09,-2.7784532626238336e-09,1.6069293356407324e-08,56824662.413522325,-40705645.351461515,-6826071.41947,4.049084169537743e-09,-4.677806975497721e-09,2.628622081180192e-08,58166038.36494232,-41533770.10254152,-6826071.41947,2.7621252740386867e-09,-1.3522461433625607e-09,-8.299797568224832e-10
74,57274646.464646466,-41508030.3030303,-6371000.0,3.988447776626141e-09,-2.817341711046502e-09,1.5295166517991096e-08,60621472.86293647,-36086923.977110304,0.0,1.9557780321707777e-09,-1.744891854039857e-09,-4.453451643176438e-10,55926657.032966465,-33188487.2846203,-9556500.0,6.487548605350487e-09,-7.627408849830516e-09,5.041189705419118e-08,65316288.69290646,-38985360.605890304,-9556500.0,-1.3753358606726861e-09,1.42078140661911e-09,-2.9169402539596582e-08,57752764.530646466,-40733586.5148803,-5460857.16106,3.5718778492417955e-09,-2.7651521474475526e-09,1.4089980275797315e-08,57082076.55493647,-40319524.1393403,-6826071.41947,3.8575752265271156e-09,-4.5864266627185116e-09,2.4858695363091906e-08,58423452.50635646,-41147648.8904203,-6826071.41947,2.5142634626939325e-09,-1.2390475739367698e-09,-2.9458275848855813e-09
75,57532060.60606061,-41121909.09090909,-6371000.0,3.7885625066847885e-09,-2.771291541196429e-09,1.3829930329513604e-08,60878887.00435061,-35700802.7649891,0.0,1.929035156915273e-09,-1.770440160782248e-09,-1.3244717213011205e-09,56184071.17438061,-32802366.072499096,-9556500.0,6.485762617378939e-09,-7.521598678440906e-09,5.051925763598207e-08,65573702.834320605,-38599239.3937691,-9556500.0,-1.3675021279679283e-09,1.4246741601768555e-09,-2.8792773208796436e-08,58010178.67206061,-40347465.302759096,-5460857.16106,3.3623155884750603e-09,-2.682918892097943e-09,1.2066874142186292e-08,57339490.69635061,-39933402.92721909,-6826071.41947,3.6700034632866033e-09,-4.525654663274665e-09,2.3678422103507913e-08,58680866.647770606,-40761527.6782991,-6826071.41947,2.2591609091586014e-09,-1.1324555410426347e-09,-4.961525284481142e-09
76,57789474.747474745,-40735787.87878788,-6371000.0,3.497936547560333e-09,-2.7475815409171907e-09,1.1818640418587247e-08,61136301.145764746,-35314681.55286789,0.0,1.9220179239799326e-09,-1.7486331563106657e-09,-2.7694826657200872e-09,56441485.31579474,-32416244.860377885,-9556500.0,6.484835753603791e-09,-7.421924324235237e-09,5.0649717562558156e-08,65831116.97573474,-38213118.18164789,-9556500.0,-1.4585321482830537e-09,1.3797231243033357e-09,-2.8396919325817593e-08,58267592.813474745,-39961344.090637885,-5460857.16106,3.182674525806636e-09,-2.594264282614635e-09,1.0180348003342173e-08,57596904.83776475,-39547281.71509788,-6826071.41947,3.459730709712595e-09,-4.4964664799179994e-09,2.2393841959119633e-08,58938280.78918474,-40375406.46617789,-6826071.41947,2.00237559037533e-09,-1.0095909247515976e-09,-7.051771998095087e-09
77,58046888.88888889,-40349666.66666667,-6371000.0,3.2613586100148564e-09,-2.6566041429049416e-09,9.78413576695908e-09,61393715.28717889,-34928560.34074668,0.0,1.8811117280857204e-09,-1.7068054720580962e-09,-4.5229238970708616e-09,56698899.45720889,-32030123.648256674,-9556500.0,6.494077936189581e-09,-7.307822293495309e-09,5.0663046540064286e-08,66088531.11714888,-37826996.96952668,-9556500.0,-1.4849117415529883e-09,1.3308940588803712e-09,-2.7879415045226303e-08,58525006.95488889,-39575222.878516674,-5460857.16106,3.0358399467306382e-09,-2.499749959580221e-09,8.378355160793e-09,57854318.97917889,-39161160.50297667,-6826071.41947,3.287894118686629e-09,-4.33380433181421e-09,2.0583178638728607e-08,59195694.930598885,-39989285.25405668,-6826071.41947,1.7833692950458189e-09,-8.735492524270286e-10,-9.118771258420784e-09
78,58304303.03030303,-39963545.45454545,-6371000.0,3.0597622480857304e-09,-2.5578718253195963e-09,7.90771300387499e-09,61651129.42859303,-34542439.12862546,0.0,1.8068868473040914e-09,-1.692927958168395e-09,-5.771663094771849e-09,56956313.59862303,-31644002.436135456,-9556500.0,6.496820598155379e-09,-7.199287886298541e-09,5.0728294710802584e-08,66345945.25856303,-37440875.75740546,-9556500.0,-1.432797257121921e-09,1.281610770151681e-09,-2.7250579689245504e-08,58782421.09630303,-39189101.666395456,-5460857.16106,2.8625370932901952e-09,-2.43019438823487e-09,6.5278205276061476e-09,58111733.120593034,-38775039.29085545,-6826071.41947,3.1444099287629905e-09,-4.217362057474979e-09,1.9094148762285315e-08,59453109.07201303,-39603164.04193546,-6826071.41947,1.6324224095012848e-09,-6.400354400795068e-10,-1.1456695080369844e-08
79,58561717.171717174,-39577424.24242424,-6371000.0,2.8907854142184906e-09,-2.4433391847622087e-09,6.059707700196812e-09,61908543.570007175,-34156317.91650425,0.0,1.811654632063144e-09,-1.6663053774207341e-09,-6.270951391104931e-09,57213727.74003717,-31257881.224014245,-9556500.0,6.502413543576351e-09,-7.096474586898071e-09,5.0840216862023915e-08,66603359.39997717,-37054754.54528425,-9556500.0,-1.4731558252390397e-09,1.2694252425772894e-09,-2.6913517257085346e-08,59039835.237717174,-38802980.454274245,-5460857.16106,2.744288237659661e-09,-2.324124724670203e-09,4.707598921815228e-09,58369147.26200718,-38388918.07873424,-6826071.41947,3.028823752745255e-09,-4.139252700425551e-09,1.7928088208587576e-08,59710523.21342717,-39217042.82981425,-6826071.41947,1.4671461011482324e-09,-5.81074129363033e-10,-1.285253836746393e-08
80,58819131.31313132,-39191303.03030303,-6371000.0,2.6926265602916345e-09,-2.3604208285937042e-09,4.278533452290576e-09,62165957.71142132,-33770196.70438304,0.0,1.828549339889364e-09,-1.5738000622085155e-09,-7.8391355081716e-09,57471141.881451316,-30871760.011893034,-9556500.0,6.511953807534545e-09,-6.9988316089995774e-09,5.097930606039368e-08,66860773.54139131,-36668633.33316304,-9556500.0,-1.4926998427080596e-09,1.235080539428397e-09,-2.656102486873224e-08,59297249.37913132,-38416859.24215303,-5460857.16106,2.6796274838539823e-09,-2.180913880891047e-09,2.9347087814581805e-09,58626561.40342132,-38002796.86661303,-6826071.41947,2.9154559525755436e-09,-4.024013085369659e-09,1.6689550516841116e-08,59967937.354841314,-38830921.61769304,-6826071.41947,1.3194991650508984e-09,-4.808024314644763e-10,-1.4346482572266889e-08
81,59076545.45454545,-38805181.81818181,-6371000.0,2.5562602466988153e-09,-2.235382853296149e-09,2.504520796555994e-09,62423371.852835454,-33384075.49226182,0.0,1.8427921291740957e-09,-1.4307720968507566e-09,-1.0264253286502536e-08,57728556.02286545,-30485638.799771816,-9556500.0,6.518067751719311e-09,-6.8767139913956325e-09,5.0954887800040766e-08,67118187.68280545,-36282512.12104182,-9556500.0,-1.4285543654393101e-09,1.1359317497976656e-09,-2.598409204762009e-08,59554663.52054545,-38030738.030031815,-5460857.16106,2.617551266621724e-09,-2.0718581421780694e-09,1.5862427298888793e-09,58883975.544835456,-37616675.65449181,-6826071.41947,2.805649932928609e-09,-3.87440990974828e-09,1.5216138231388606e-08,60225351.49625545,-38444800.40557182,-6826071.41947,1.2058655210281017e-09,-2.796546347068181e-10,-1.6189425080212114e-08
82,59333959.5959596,-38419060.60606061,-6371000.0,2.4772937096881715e-09,-2.070156840777474e-09,7.51141883144607e-10,62680785.9942496,-32997954.280140616,0.0,1.8096437351067063e-09,-1.3961652527701153e-09,-1.1037906675907884e-08,57985970.164279595,-30099517.587650612,-9556500.0,6.541653320606897e-09,-6.763538954595086e-09,5.092983351979864e-08,67375601.82421958,-35896390.908920616,-9556500.0,-1.3204556069884944e-09,1.0163318845349055e-09,-2.5353159173636864e-08,59812077.661959596,-37644616.81791061,-5460857.16106,2.5668027886444177e-09,-1.978730814901669e-09,2.008436803404368e-10,59141389.6862496,-37230554.44237061,-6826071.41947,2.7104598122571376e-09,-3.6954062169386967e-09,1.3862391759186246e-08,60482765.63766959,-38058679.193450615,-6826071.41947,1.1368657758920323e-09,-6.763567109914149e-11,-1.773023604780958e-08
83,59591373.73737374,-38032939.39393939,-6371000.0,2.382639393385847e-09,-1.968149233447072e-09,-5.343447622699627e-10,62938200.13566374,-32611833.068019398,0.0,1.786814693080683e-09,-1.3270582879825969e-09,-1.2051227454133879e-08,58243384.30569374,-29713396.375529394,-9556500.0,6.5697931215618354e-09,-6.6636887161855375e-09,5.101825607795437e-08,67633015.96563374,-35510269.6967994,-9556500.0,-1.2396464488214482e-09,9.345033204740059e-10,-2.4904190023020453e-08,60069491.80337374,-37258495.60578939,-5460857.16106,2.5516161294353986e-09,-1.8340412592662778e-09,-1.2628692866943283e-09,59398803.82766374,-36844433.23024939,-6826071.41947,2.613168619518521e-09,-3.5745400824552547e-09,1.2830710506554814e-08,60740179.779083736,-37672557.9813294,-6826071.41947,1.0531970943869788e-09,2.0533516586206143e-11,-1.8490353982415284e-08
84,59848787.878787875,-37646818.18181818,-6371000.0,2.2951420215588586e-09,-1.839327902473118e-09,-1.8877840170657294e-09,63195614.277077876,-32225711.855898187,0.0,1.7998336594032867e-09,-1.2097683761952342e-09,-1.350988339794943e-08,58500798.447107874,-29327275.163408183,-9556500.0,6.585794577308285e-09,-6.56734597817794e-09,5.1141126699254346e-08,67890430.10704787,-35124148.48467819,-9556500.0,-1.2618207498439058e-09,8.475407679469383e-10,-2.462998321797992e-08,60326905.944787875,-36872374.39366818,-5460857.16106,2.5493727931809368e-09,-1.6973850523743905e-09,-2.6635664371992438e-09,59656217.96907788,-36458312.01812818,-6826071.41947,2.5235371434219807e-09,-3.4306090402301054e-09,1.1698445897713856e-08,60997593.92049787,-37286436.769208185,-6826071.41947,9.61744330584564e-10,1.0712986263860947e-10,-1.935703132661848e-08
85,60106202.02020202,-37260696.96969697,-6371000.0,2.2373328918040292e-09,-1.6565737311694622e-09,-3.3113133126037614e-09,63453028.41849202,-31839590.643776976,0.0,1.8038731854795318e-09,-1.026171252712573e-09,-1.5950602493379944e-08,58758212.58852202,-28941153.95128697,-9556500.0,6.554860556061259e-09,-6.390246032120275e-09,5.083413746180401e-08,68147844.24846202,-34738027.272556975,-9556500.0,-1.1435372163871578e-09,7.27412569909171e-10,-2.406055768212232e-08,60584320.08620202,-36486253.18154697,-5460857.16106,2.548618845968598e-09,-1.5994023375172242e-09,-3.865843828558146e-09,59913632.11049202,-36072190.80600697,-6826071.41947,2.4530689522693532e-09,-3.1680852008898032e-09,1.0193897423183754e-08,61255008.061912015,-36900315.557086974,-6826071.41947,9.089913436958638e-10,2.3505486281476593e-10,-2.0393125950248563e-08
86,60363616.16161616,-36874575.75757576,-6371000.0,2.2053321469619725e-09,-1.483216966442803e-09,-4.66058442148809e-09,63710442.55990616,-31453469.431655765,0.0,1.7667596431677864e-09,-9.421947507998633e-10,-1.699709016126123e-08,59015626.72993616,-28555032.73916576,-9556500.0,6.549190223613005e-09,-6.245975861437188e-09,5.0685899525152326e-08,68405258.38987616,-34351906.060435764,-9556500.0,-9.34727126604694e-10,5.720654271590171e-10,-2.3306804709170777e-08,60841734.22761616,-36100131.96942576,-5460857.16106,2.489206347802016e-09,-1.5229186150554013e-09,-4.8592592184491764e-09,60171046.251906164,-35686069.59388576,-6826071.41947,2.38657531157996e-09,-2.971992886162225e-09,8.854366780079182e-09,61512422.20332616,-36514194.34496576,-6826071.41947,9.086199566495978e-10,4.6359973011687656e-10,-2.1816769890923096e-08
87,60621030.303030305,-36488454.54545455,-6371000.0,2.1750466924451022e-09,-1.3579552775241078e-09,-5.7685812009296095e-09,63967856.701320305,-31067348.219534554,0.0,1.7464442251529682e-09,-8.95910712902726e-10,-1.7577177327294066e-08,59273040.8713503,-28168911.52704455,-9556500.0,6.571077126168016e-09,-6.124281486088509e-09,5.060527563256208e-08,68662672.5312903,-33965784.84831455,-9556500.0,-8.717245347016433e-10,4.807173002957008e-10,-2.3032068259326607e-08,61099148.369030304,-35714010.75730455,-5460857.16106,2.474698580176004e-09,-1.4534363450872016e-09,-6.063526261337003e-09,60428460.39332031,-35299948.381764546,-6826071.41947,2.3067865098254355e-09,-2.7813364795541466e-09,7.515229673885389e-09,61769836.3447403,-36128073.13284455,-6826071.41947,7.945617476886261e-10,4.06014207285759e-10,-2.181504911765887e-08
88,60878444.44444445,-36102333.333333336,-6371000.0,2.0811627741885213e-09,-1.2577273655003612e-09,-6.765266776501286e-09,64225270.84273445,-30681227.007413343,0.0,1.7244166514050598e-09,-7.730854492014629e-10,-1.9124398510674097e-08,59530455.01276445,-27782790.31492334,-9556500.0,6.608231691052156e-09,-6.011063104298317e-09,5.055329960084123e-08,68920086.67270444,-33579663.63619334,-9556500.0,-7.610439735837153e-10,3.883757575212346e-10,-2.2668073907181678e-08,61356562.51044445,-35327889.54518334,-5460857.16106,2.470200858429374e-09,-1.366539143274428e-09,-7.50376168794927e-09,60685874.53473445,-34913827.169643335,-6826071.41947,2.205722397645534e-09,-2.574261078658657e-09,6.104055600231665e-09,62027250.486154445,-35741951.92072334,-6826071.41947,7.164165997591626e-10,4.2849602558550294e-10,-2.225435651382196e-08
89,61135858.58585858,-35716212.12121212,-6371000.0,2.049243599923037e-09,-1.1314935816515298e-09,-7.961485775142429e-09,64482684.984148584,-30295105.795292124,0.0,1.7379922609219526e-09,-6.117344270240844e-10,-2.1300783260853018e-08,59787869.15417858,-27396669.10280212,-9556500.0,6.605142764220007e-09,-5.819608739073022e-09,5.002888823845912e-08,69177500.81411858,-33193542.424072124,-9556500.0,-5.830824079198501e-10,2.5079260563952527e-10,-2.210937025191149e-08,61613976.65185858,-34941768.33306212,-5460857.16106,2.3890998493247223e-09,-1.3142257854436743e-09,-8.616825042623544e-09,60943288.676148586,-34527705.95752212,-6826071.41947,2.1325811567970896e-09,-2.3981950004200116e-09,4.632732503210336e-09,62284664.62756858,-35355830.70860212,-6826071.41947,6.575627388056223e-10,4.890561658301855e-10,-2.302653819442671e-08
90,61393272.72727273,-35330090.909090914,-6371000.0,2.0324097145323308e-09,-9.80460400874538e-10,-9.378898475676187e-09,64740099.12556273,-29908984.58317092,0.0,1.7577734099787209e-09,-5.613427751928072e-10,-2.1688585548598444e-08,60045283.295592725,-27010547.890680917,-9556500.0,6.576794805193515e-09,-5.651557927496782e-09,4.960052387414423e-08,69434914.95553273,-32807421.21195092,-9556500.0,-2.9305275226990906e-10,8.812982090232042e-11,-2.1316634782465406e-08,61871390.793272726,-34555647.120940916,-5460857.16106,2.305382953286533e-09,-1.340455233713073e-09,-9.288696104658438e-09,61200702.81756273,-34141584.74540091,-6826071.41947,2.0531149894213076e-09,-2.1856674770159616e-09,2.9425766290725507e-09,62542078.76898272,-34969709.49648092,-6826071.41947,6.164043551667862e-10,4.917519970097017e-10,-2.3668029278092338e-08
91,61650686.86868687,-34943969.696969695,-6371000.0,1.9276095774424166e-09,-9.314669053034523e-10,-1.0317802152869121e-08,64997513.26697687,-29522863.371049702,0.0,1.7744240213997255e-09,-4.969329220008053e-10,-2.2513153317008986e-08,60302697.43700687,-26624426.6785597,-9556500.0,6.570106477239674e-09,-5.52883821599471e-09,4.939301360200421e-08,69692329.09694687,-32421299.999829702,-9556500.0,-1.3448141835013998e-10,6.762739483316786e-12,-2.0946542587154536e-08,62128804.93468687,-34169525.9088197,-5460857.16106,2.1948579577430112e-09,-1.31282782952891e-09,-1.0322560656267781e-08,61458116.95897687,-33755463.533279695,-6826071.41947,1.9164464873706036e-09,-2.0222284802289497e-09,1.2050397804834896e-09,62799492.91039687,-34583588.2843597,-6826071.41947,5.321186919799359e-10,4.073467900193974e-10,-2.3476345185736126e-08
92,61908101.010101005,-34557848.484848484,-6371000.0,1.8471231346906482e-09,-9.367591710232235e-10,-1.1018222075474695e-08,65254927.40839101,-29136742.15892849,0.0,1.7964940191322505e-09,-4.250158562562941e-10,-2.3593772521581094e-08,60560111.578421004,-26238305.466438487,-9556500.0,6.568998313598382e-09,-5.38377593427841e-09,4.893573580333131e-08,69949743.238361,-32035178.78770849,-9556500.0,-4.975317994768303e-11,-7.628660207156469e-11,-2.067563711410881e-08,62386219.076101005,-33783404.69669849,-5460857.16106,2.0735430575726172e-09,-1.2652051818839165e-09,-1.1761860144608474e-08,61715531.10039101,-33369342.321158484,-6826071.41947,1.7758442027756832e-09,-1.9188564777360647e-09,-7.884395068801857e-11,63056907.051811,-34197467.07223849,-6826071.41947,3.716924755034965e-10,3.4293484265387807e-10,-2.3643867866229087e-08
93,62165515.151515156,-34171727.27272727,-6371000.0,1.7174325342364293e-09,-8.884245593993872e-10,-1.2086383765042143e-08,65512341.54980516,-28750620.94680728,0.0,1.8027926689738413e-09,-3.0724121039813917e-10,-2.5301263396169694e-08,60817525.719835155,-25852184.254317276,-9556500.0,6.531579837283286e-09,-5.154640322675619e-09,4.7742299391677085e-08,70207157.37977515,-31649057.57558728,-9556500.0,1.5722184952432573e-10,-2.010877907320438e-10,-2.002387737131448e-08,62643633.217515156,-33397283.484577276,-5460857.16106,1.927775579896459e-09,-1.246145097030413e-09,-1.2766783354841418e-08,61972945.24180516,-32983221.109037273,-6826071.41947,1.632946271823067e-09,-1.7736574305385529e-09,-1.6034448871692087e-09,63314321.19322515,-33811345.86011728,-6826071.41947,2.554367785237864e-10,2.875301439258709e-10,-2.404864472393538e-08
94,62422929.29292929,-33785606.06060606,-6371000.0,1.591404627712139e-09,-8.328886324008824e-10,-1.3436336744001249e-08,65769755.69121929,-28364499.73468607,0.0,1.7911646271405793e-09,-2.3159625432164073e-10,-2.557643926538232e-08,61074939.86124929,-25466063.042196065,-9556500.0,6.5078106181336075e-09,-4.972924802995391e-09,4.6880106073510166e-08,70464571.52118929,-31262936.36346607,-9556500.0,4.0364571703840514e-10,-3.3655379315884034e-10,-1.9188284870764995e-08,62901047.35892929,-33011162.272456065,-5460857.16106,1.7870713343973215e-09,-1.2156799694223983e-09,-1.3503843709940239e-08,62230359.383219294,-32597099.89691606,-6826071.41947,1.4566029707254646e-09,-1.6346717442760862e-09,-3.4310605890928607e-09,63571735.33463929,-33425224.647996068,-6826071.41947,1.6732728110885434e-10,2.250671042029771e-10,-2.4411905265904428e-08
95,62680343.434343435,-33399484.84848485,-6371000.0,1.4225103918441367e-09,-8.347173394513065e-10,-1.4166396293063258e-08,66027169.832633436,-27978378.52256486,0.0,1.7961228832832815e-09,-1.5516294749574303e-10,-2.59799042829812e-08,61332354.00266343,-25079941.830074854,-9556500.0,6.4678359070194044e-09,-4.816778542077372e-09,4.6167576218125526e-08,70721985.66260344,-30876815.151344858,-9556500.0,4.030835581655597e-10,-3.642238764877793e-10,-1.8983701840949762e-08,63158461.500343435,-32625041.060334854,-5460857.16106,1.6867447250645107e-09,-1.1648974341415175e-09,-1.459921517044726e-08,62487773.52463344,-32210978.68479485,-6826071.41947,1.245405232965777e-09,-1.4582051921201247e-09,-5.4925293569114394e-09,63829149.47605343,-33039103.435874857,-6826071.41947,-1.0459450642930901e-11,1.329198651281438e-10,-2.434079523431431e-08
96,62937757.57575758,-33013363.636363633,-6371000.0,1.2325701630466171e-09,-8.112760078965609e-10,-1.490194708306312e-08,66284583.97404758,-27592257.31044364,0.0,1.7922049296760965e-09,-7.21471744395054e-11,-2.6783000235620236e-08,61589768.14407758,-24693820.617953636,-9556500.0,6.39257992753622e-09,-4.66208195987839e-09,4.5143762236970385e-08,70979399.80401757,-30490693.93922364,-9556500.0,4.792658328277708e-10,-4.024990804369839e-10,-1.859820948519248e-08,63415875.64175758,-32238919.848213635,-5460857.16106,1.5622680764929516e-09,-1.0487041290205432e-09,-1.60683907639496e-08,62745187.66604758,-31824857.472673632,-6826071.41947,1.059667908799598e-09,-1.3626279092542473e-09,-6.569964465575094e-09,64086563.617467575,-32652982.22375364,-6826071.41947,-1.2368190970948642e-10,5.672609281865273e-11,-2.4500633143876038e-08
97,63195171.71717171,-32627242.424242422,-6371000.0,1.094593544533806e-09,-7.889868330019579e-10,-1.5881042573755818e-08,66541998.115461715,-27206136.09832243,0.0,1.7822935479548563e-09,3.1388588454231583e-12,-2.7622301664015022e-08,61847182.28549171,-24307699.405832425,-9556500.0,6.20963190261659e-09,-4.461926274296219e-09,4.3275328972590554e-08,71236813.94543171,-30104572.72710243,-9556500.0,5.670175770805134e-10,-4.824312098136464e-10,-1.8084632134633767e-08,63673289.78317171,-31852798.636092424,-5460857.16106,1.3883731763894393e-09,-9.42544434522239e-10,-1.7069799111685316e-08,63002601.807461716,-31438736.26055242,-6826071.41947,8.783447040118315e-10,-1.2488339730140954e-09,-7.944474666855912e-09,64343977.75888171,-32266861.011632428,-6826071.41947,-2.424640171734006e-10,4.787385793940208e-11,-2.501731687207344e-08
98,63452585.858585864,-32241121.21212121,-6371000.0,9.405660579550623e-10,-6.942831822725416e-10,-1.7237637451574515e-08,66799412.256875865,-26820014.886201218,0.0,1.752422650514872e-09,5.988879971014571e-11,-2.7612536319015522e-08,62104596.42690586,-23921578.193711214,-9556500.0,6.030621721689289e-09,-4.294600958180737e-09,4.168550727769957e-08,71494228.08684586,-29718451.514981218,-9556500.0,7.840025423454494e-10,-5.962767303390767e-10,-1.720522194352515e-08,63930703.924585864,-31466677.423971213,-5460857.16106,1.2496011964496224e-09,-8.569656558208768e-10,-1.7864842207546538e-08,63260015.94887587,-31052615.04843121,-6826071.41947,6.523588773569404e-10,-1.0860728672603597e-09,-9.648639965884622e-09,64601391.90029586,-31880739.799511217,-6826071.41947,-3.723954239875965e-10,4.8880719843579195e-11,-2.5489362191458315e-08
99,63710000.0,-31855000.0,-6371000.0,7.417400380136434e-10,-6.263150849855574e-10,-1.798137952149519e-08,67056826.39829,-26433893.674080007,0.0,1.723704494738448e-09,1.1125260806078879e-10,-2.7786280630718902e-08,62362010.56832,-23535456.981590003,-9556500.0,5.888923805414873e-09,-4.177678794415966e-09,4.0489518063416416e-08,71751642.22826,-29332330.302860007,-9556500.0,7.58267643959613e-10,-6.601440597610703e-10,-1.701168342881207e-08,64188118.066,-31080556.211850002,-5460857.16106,1.0783959480091957e-09,-7.250436068190416e-10,-1.88875821683438e-08,63517430.09029,-30666493.83631,-6826071.41947,3.606460767533745e-10,-8.899356462644751e-10,-1.178959876912927e-08,64858806.04171,-31494618.587390006,-6826071.41947,-4.976209442982783e-10,2.069860210596111e-11,-2.5617363433522067e-08
